EmployeeID,DepartmentID,DepartmentName,RoleName,AnnualSalary,HireDate
1,5,Operations,Executive,71699.0,2022-12-31
2,1,Sales,Manager,51213.0,2022-12-31
3,3,Finance,Associate,44046.0,2022-12-30
4,2,Marketing,Manager,50406.0,2022-12-30
5,2,Marketing,Executive,77449.0,2022-12-30
6,3,Finance,Associate,41156.18296487692,2022-12-28
7,4,Human Resources,Associate,39589.53218248652,2022-12-31
8,5,Operations,Manager,62067.0,2022-12-28
9,3,Finance,Associate,38095.0,2022-12-30
10,2,Marketing,Associate,51500.0,2022-12-29
11,2,Marketing,Associate,46970.0,2022-12-27
12,3,Finance,Manager,59909.0,2022-12-31
13,3,Finance,Associate,41156.18296487692,2022-12-22
14,3,Finance,Executive,71103.0,2022-12-26
15,4,Human Resources,Manager,58199.0,2022-12-30
16,1,Sales,Manager,50893.0,2022-12-27
17,5,Operations,Manager,53781.0,2022-12-30
18,1,Sales,Associate,39096.0,2022-12-30
19,1,Sales,Associate,42118.0,2022-12-22
20,5,Operations,Associate,35747.0,2022-12-27
21,2,Marketing,Executive,81474.0,2022-12-24
22,4,Human Resources,Executive,121462.44142024846,2022-12-20
23,5,Operations,Manager,56249.0,2022-12-28
24,2,Marketing,Manager,57618.0,2022-06-23
25,4,Human Resources,Executive,80100.0,2022-12-24
26,1,Sales,Executive,116485.21429852198,2022-12-11
27,2,Marketing,Manager,49981.0,2022-06-23
28,1,Sales,Executive,91290.0,2022-12-28
29,3,Finance,Manager,59569.0,2022-12-14
30,5,Operations,Associate,33223.0,2022-12-13
31,4,Human Resources,Manager,53589.0,2022-12-14
32,1,Sales,Manager,59401.0,2022-12-30
33,3,Finance,Executive,103887.56450456612,2022-12-29
34,4,Human Resources,Manager,59758.390308591675,2022-12-22
35,4,Human Resources,Manager,66070.0,2022-12-10
36,5,Operations,Associate,42736.0,2022-12-30
37,2,Marketing,Executive,108332.7343298129,2022-12-31
38,4,Human Resources,Manager,59758.390308591675,2022-12-30
39,1,Sales,Associate,44116.0,2022-12-29
41,2,Marketing,Manager,62130.0,2022-12-31
42,5,Operations,Manager,54300.0,2022-12-27
43,5,Operations,Associate,37176.0,2022-12-26
44,3,Finance,Manager,62355.0,2022-12-28
45,2,Marketing,Associate,39737.42929100642,2022-11-27
46,4,Human Resources,Manager,59758.390308591675,2022-12-31
47,1,Sales,Associate,51647.0,2022-12-31
48,3,Finance,Executive,77805.0,2022-12-08
49,3,Finance,Manager,54574.0,2022-12-01
51,3,Finance,Manager,55883.0,2022-06-23
52,3,Finance,Associate,44430.0,2022-12-02
53,4,Human Resources,Manager,71845.0,2022-11-27
54,4,Human Resources,Manager,47430.0,2022-12-21
55,4,Human Resources,Associate,48091.0,2022-12-09
56,3,Finance,Associate,47104.0,2022-12-26
57,5,Operations,Associate,37421.0,2022-12-08
58,3,Finance,Executive,103887.56450456612,2022-12-26
59,4,Human Resources,Executive,76070.0,2022-12-18
60,2,Marketing,Associate,36140.0,2022-12-14
61,2,Marketing,Manager,62548.0,2022-12-23
62,3,Finance,Executive,56827.0,2022-11-29
63,3,Finance,Executive,76879.0,2022-11-25
64,4,Human Resources,Executive,70025.0,2022-12-21
65,4,Human Resources,Associate,41843.0,2022-12-23
66,5,Operations,Associate,33592.0,2022-11-30
67,5,Operations,Manager,63640.0,2022-12-09
68,2,Marketing,Executive,95132.0,2022-11-07
69,4,Human Resources,Manager,55220.0,2022-11-16
70,2,Marketing,Manager,63898.0,2022-11-15
71,5,Operations,Executive,62199.0,2022-12-13
72,3,Finance,Executive,86609.0,2022-11-29
73,2,Marketing,Executive,108332.7343298129,2022-11-29
74,4,Human Resources,Manager,69699.0,2022-11-02
76,2,Marketing,Executive,108332.7343298129,2022-06-14
77,5,Operations,Executive,522179.0,2022-11-18
78,4,Human Resources,Associate,42164.0,2022-12-29
79,3,Finance,Executive,89685.0,2022-12-17
80,4,Human Resources,Associate,45665.0,2022-12-19
81,2,Marketing,Associate,35666.0,2022-11-02
82,5,Operations,Manager,53780.0,2022-12-06
83,2,Marketing,Executive,86558.0,2022-11-16
84,1,Sales,Manager,56120.0,2022-12-18
85,2,Marketing,Executive,74689.0,2022-11-16
86,1,Sales,Associate,37934.0,2022-04-21
87,1,Sales,Executive,491751.0,2022-12-17
88,2,Marketing,Manager,57652.0,2022-11-03
89,1,Sales,Associate,30867.0,2022-11-27
90,5,Operations,Associate,33990.0,2022-04-21
91,1,Sales,Associate,41823.0,2022-12-01
92,2,Marketing,Executive,108332.7343298129,2022-11-26
93,2,Marketing,Executive,85834.0,2022-11-11
94,1,Sales,Executive,71012.0,2022-10-26
95,4,Human Resources,Associate,33574.0,2022-04-21
96,1,Sales,Manager,65441.0,2022-10-28
97,3,Finance,Associate,49068.0,2022-04-21
98,1,Sales,Executive,509552.0,2022-12-28
99,5,Operations,Associate,46447.0,2022-12-02
100,1,Sales,Executive,501172.0,2022-10-24
101,1,Sales,Executive,85504.0,2022-11-11
102,4,Human Resources,Manager,58149.0,2022-10-17
103,2,Marketing,Manager,60904.0,2022-10-26
104,1,Sales,Associate,46567.0,2022-12-17
105,3,Finance,Manager,59730.0,2022-10-08
106,1,Sales,Executive,81708.0,2022-10-22
107,3,Finance,Executive,57923.0,2022-10-11
108,4,Human Resources,Manager,59758.390308591675,2022-12-28
109,1,Sales,Associate,37673.0,2022-11-07
110,5,Operations,Executive,76922.0,2022-11-01
111,5,Operations,Associate,40366.80635538272,2022-04-21
112,3,Finance,Executive,103887.56450456612,2022-12-27
113,3,Finance,Associate,40322.0,2022-11-20
114,4,Human Resources,Manager,60929.0,2022-10-28
115,3,Finance,Executive,103887.56450456612,2022-12-24
116,3,Finance,Executive,76959.0,2022-12-12
117,3,Finance,Manager,61255.0,2022-11-17
118,5,Operations,Executive,76121.0,2022-10-20
119,2,Marketing,Associate,38639.0,2022-10-27
120,1,Sales,Manager,59571.91515860383,2022-11-11
121,1,Sales,Associate,38849.0,2022-04-21
122,2,Marketing,Associate,36329.0,2022-10-09
123,2,Marketing,Associate,37596.0,2022-12-04
124,4,Human Resources,Manager,59758.390308591675,2022-06-23
125,2,Marketing,Associate,33945.0,2022-10-07
126,1,Sales,Manager,52649.0,2022-11-15
127,2,Marketing,Associate,36141.0,2022-12-04
128,3,Finance,Associate,37252.0,2022-11-28
129,4,Human Resources,Manager,62156.0,2022-12-10
130,3,Finance,Associate,42514.0,2022-11-17
131,2,Marketing,Executive,89880.0,2022-09-27
132,5,Operations,Manager,43307.0,2022-06-23
133,5,Operations,Executive,82077.0,2022-12-11
134,3,Finance,Associate,41552.0,2022-11-26
135,5,Operations,Executive,77718.0,2022-10-31
136,5,Operations,Manager,59326.31530065456,2022-10-14
137,3,Finance,Executive,88511.0,2022-09-23
138,4,Human Resources,Manager,59758.390308591675,2022-10-27
139,2,Marketing,Associate,38030.0,2022-09-29
140,5,Operations,Manager,63859.0,2022-11-06
141,5,Operations,Associate,35968.0,2022-10-09
142,5,Operations,Associate,43021.0,2022-11-28
143,3,Finance,Associate,43090.0,2022-10-30
144,5,Operations,Executive,88434.0,2022-09-19
145,4,Human Resources,Executive,74168.0,2022-12-20
146,3,Finance,Associate,44614.0,2022-12-02
147,2,Marketing,Manager,60516.6848681298,2022-11-30
148,4,Human Resources,Manager,63286.0,2022-10-21
149,4,Human Resources,Manager,61942.0,2022-12-09
150,3,Finance,Manager,59276.0,2022-12-15
152,2,Marketing,Executive,79615.0,2022-11-17
153,1,Sales,Manager,64471.0,2022-09-26
154,5,Operations,Associate,51620.0,2022-10-29
155,4,Human Resources,Associate,38842.0,2022-10-14
156,4,Human Resources,Manager,47015.0,2022-10-29
157,5,Operations,Manager,73771.0,2022-09-20
158,5,Operations,Associate,44025.0,2022-09-18
159,4,Human Resources,Associate,36615.0,2022-11-10
160,5,Operations,Executive,91176.0,2022-10-20
161,2,Marketing,Executive,71469.0,2022-12-23
162,2,Marketing,Manager,59345.0,2022-10-13
163,3,Finance,Executive,79068.0,2022-09-17
164,1,Sales,Associate,46941.0,2022-12-21
165,1,Sales,Manager,59571.91515860383,2022-12-27
166,2,Marketing,Executive,70755.0,2022-06-14
167,1,Sales,Manager,59571.91515860383,2022-08-27
168,1,Sales,Executive,78570.0,2022-11-06
169,5,Operations,Associate,43066.0,2022-11-16
170,3,Finance,Manager,58926.0,2022-12-27
171,2,Marketing,Executive,80068.0,2022-09-11
172,5,Operations,Executive,77998.0,2022-11-10
173,2,Marketing,Associate,42473.0,2022-11-20
174,1,Sales,Associate,40712.0,2022-04-21
176,1,Sales,Associate,44383.0,2022-11-02
177,1,Sales,Manager,59571.91515860383,2022-10-07
178,1,Sales,Executive,91638.0,2022-10-19
179,1,Sales,Manager,59571.91515860383,2022-12-11
180,1,Sales,Executive,95368.0,2022-09-21
181,4,Human Resources,Executive,73546.0,2022-08-19
182,1,Sales,Associate,36012.0,2022-11-27
183,2,Marketing,Executive,108332.7343298129,2022-08-29
184,1,Sales,Executive,82869.0,2022-11-29
185,5,Operations,Associate,40366.80635538272,2022-10-21
186,2,Marketing,Associate,34606.0,2022-04-21
187,1,Sales,Manager,65900.0,2022-10-30
188,1,Sales,Associate,44191.0,2022-12-21
189,1,Sales,Associate,50166.0,2022-12-14
190,2,Marketing,Associate,36608.0,2022-09-23
191,2,Marketing,Manager,58315.0,2022-08-16
192,2,Marketing,Executive,82414.0,2022-11-23
193,2,Marketing,Associate,44840.0,2022-09-28
194,2,Marketing,Manager,60143.0,2022-09-05
195,1,Sales,Associate,39685.0,2022-12-03
196,1,Sales,Associate,44735.0,2022-11-06
197,3,Finance,Manager,61804.0,2022-12-20
198,3,Finance,Executive,103887.56450456612,2022-11-02
199,4,Human Resources,Manager,58868.0,2022-11-30
200,4,Human Resources,Manager,44305.0,2022-11-19
201,3,Finance,Manager,55093.0,2022-12-24
202,3,Finance,Associate,48319.0,2022-10-06
203,3,Finance,Manager,59311.0,2022-09-06
204,5,Operations,Manager,48678.0,2022-11-15
205,4,Human Resources,Manager,60314.0,2022-11-03
206,3,Finance,Associate,44598.0,2022-08-09
207,1,Sales,Executive,116485.21429852198,2022-09-08
208,5,Operations,Manager,64546.0,2022-10-15
209,4,Human Resources,Executive,93215.0,2022-11-10
210,3,Finance,Associate,42150.0,2022-08-21
211,4,Human Resources,Executive,68306.0,2022-10-31
212,1,Sales,Associate,40409.06051381489,2022-10-22
213,4,Human Resources,Associate,47486.0,2022-11-15
214,2,Marketing,Associate,36574.0,2022-08-01
215,4,Human Resources,Executive,78349.0,2022-09-30
216,4,Human Resources,Manager,65923.0,2022-10-13
217,2,Marketing,Manager,62617.0,2022-09-25
218,3,Finance,Associate,34635.0,2022-12-08
219,2,Marketing,Manager,62439.0,2022-08-31
220,1,Sales,Executive,79197.0,2022-08-12
221,1,Sales,Associate,45579.0,2022-10-18
222,1,Sales,Executive,67065.0,2022-08-22
223,5,Operations,Executive,95032.0,2022-11-11
224,1,Sales,Manager,53855.0,2022-10-03
225,4,Human Resources,Executive,86026.0,2022-10-19
226,2,Marketing,Executive,75140.0,2022-08-23
227,2,Marketing,Associate,42633.0,2022-12-25
228,4,Human Resources,Manager,60149.0,2022-08-01
229,5,Operations,Associate,44599.0,2022-08-08
230,5,Operations,Manager,53978.0,2022-12-29
231,2,Marketing,Manager,60516.6848681298,2022-11-18
232,5,Operations,Executive,84447.0,2022-11-18
233,3,Finance,Executive,103887.56450456612,2022-09-22
234,5,Operations,Associate,41455.0,2022-12-31
235,5,Operations,Manager,59857.0,2022-12-01
236,1,Sales,Manager,62300.0,2022-07-18
237,5,Operations,Associate,39252.0,2022-08-26
238,3,Finance,Manager,58008.88696278488,2022-11-16
239,1,Sales,Executive,75177.0,2022-12-27
240,5,Operations,Associate,39354.0,2022-07-12
241,5,Operations,Associate,42984.0,2022-10-12
242,2,Marketing,Manager,58427.0,2022-08-29
243,1,Sales,Executive,116485.21429852198,2022-12-06
244,4,Human Resources,Manager,42085.0,2022-09-20
245,4,Human Resources,Associate,32901.0,2022-09-15
246,1,Sales,Associate,31695.0,2022-08-17
247,5,Operations,Associate,40399.0,2022-07-15
248,2,Marketing,Executive,78363.0,2022-07-05
249,5,Operations,Associate,52425.0,2022-10-31
250,1,Sales,Associate,43684.0,2022-10-22
251,2,Marketing,Manager,60516.6848681298,2022-09-19
252,2,Marketing,Executive,86192.0,2022-07-08
253,4,Human Resources,Associate,40120.0,2022-06-19
254,5,Operations,Executive,67871.0,2022-07-26
255,4,Human Resources,Associate,40153.0,2022-12-31
256,5,Operations,Associate,38040.0,2022-11-09
257,1,Sales,Manager,60606.0,2022-12-09
258,4,Human Resources,Associate,43412.0,2022-11-04
259,3,Finance,Executive,62012.0,2022-06-10
260,5,Operations,Executive,64328.0,2022-06-18
261,5,Operations,Manager,48973.0,2022-06-23
262,3,Finance,Executive,65632.0,2022-10-20
263,4,Human Resources,Manager,64373.0,2022-09-03
264,4,Human Resources,Executive,63422.0,2022-11-03
265,2,Marketing,Associate,53043.0,2022-06-17
266,2,Marketing,Associate,33936.0,2022-06-14
267,2,Marketing,Manager,55956.0,2022-08-31
268,1,Sales,Manager,60059.0,2022-09-04
269,5,Operations,Manager,51538.0,2022-07-20
270,3,Finance,Executive,85038.0,2022-11-29
272,4,Human Resources,Manager,58128.0,2022-08-27
273,3,Finance,Executive,84230.0,2022-11-09
274,2,Marketing,Associate,39737.42929100642,2022-11-06
275,1,Sales,Manager,67646.0,2022-11-02
276,5,Operations,Associate,37819.0,2022-06-26
277,1,Sales,Associate,40409.06051381489,2022-12-31
278,4,Human Resources,Manager,54423.0,2022-07-11
279,3,Finance,Manager,52179.0,2022-06-23
280,2,Marketing,Executive,84857.0,2022-10-15
281,2,Marketing,Associate,37045.0,2022-10-30
282,1,Sales,Executive,68067.0,2022-08-01
283,1,Sales,Executive,74376.0,2022-12-29
284,3,Finance,Manager,59132.0,2022-08-20
285,3,Finance,Executive,60183.0,2022-10-16
286,3,Finance,Manager,53985.0,2022-10-27
287,2,Marketing,Executive,509423.0,2022-10-19
288,5,Operations,Manager,65695.0,2022-11-30
289,1,Sales,Executive,116485.21429852198,2022-06-05
290,3,Finance,Executive,495437.0,2022-07-16
291,2,Marketing,Executive,80810.0,2022-05-29
292,4,Human Resources,Manager,65717.0,2022-09-18
293,2,Marketing,Associate,41117.0,2022-08-08
294,1,Sales,Executive,116485.21429852198,2022-05-21
295,3,Finance,Manager,60795.0,2022-07-13
296,4,Human Resources,Associate,37063.0,2022-10-12
297,5,Operations,Executive,78025.0,2022-09-08
298,5,Operations,Executive,80111.0,2022-09-16
299,2,Marketing,Manager,62851.0,2022-05-10
300,3,Finance,Associate,40371.0,2022-11-20
301,3,Finance,Associate,31154.0,2022-12-24
302,5,Operations,Associate,36273.0,2022-10-18
303,1,Sales,Associate,39391.0,2022-11-29
304,1,Sales,Associate,36370.0,2022-07-01
305,2,Marketing,Associate,34071.0,2022-08-23
306,2,Marketing,Executive,77075.0,2022-12-05
307,3,Finance,Associate,42262.0,2022-06-09
308,1,Sales,Manager,63583.0,2022-10-16
309,4,Human Resources,Associate,39589.53218248652,2022-08-20
310,3,Finance,Manager,59420.0,2022-12-09
311,3,Finance,Associate,35535.0,2022-06-20
312,1,Sales,Associate,42983.0,2022-12-14
313,2,Marketing,Executive,76874.0,2022-06-03
314,2,Marketing,Associate,39737.42929100642,2022-11-01
315,4,Human Resources,Associate,39589.53218248652,2022-06-21
316,1,Sales,Manager,59571.91515860383,2022-11-15
317,3,Finance,Manager,55221.0,2022-06-09
318,5,Operations,Executive,515643.0,2022-07-10
319,3,Finance,Manager,56863.0,2022-07-11
320,4,Human Resources,Associate,43436.0,2022-07-26
321,5,Operations,Executive,91145.0,2022-10-29
322,3,Finance,Manager,60516.0,2022-06-21
323,1,Sales,Manager,66617.0,2022-10-20
324,5,Operations,Associate,51082.0,2022-08-14
325,3,Finance,Manager,55567.0,2022-05-19
326,4,Human Resources,Executive,88570.0,2022-09-01
327,1,Sales,Manager,56577.0,2022-06-06
328,2,Marketing,Manager,66107.0,2022-10-23
329,1,Sales,Associate,37981.0,2022-06-13
330,4,Human Resources,Manager,56385.0,2022-12-29
331,1,Sales,Executive,86448.0,2022-11-26
332,2,Marketing,Executive,89115.0,2022-10-02
333,1,Sales,Associate,36555.0,2022-06-25
334,5,Operations,Manager,63622.0,2022-12-25
335,4,Human Resources,Executive,78127.0,2022-10-01
336,2,Marketing,Manager,57774.0,2022-06-18
337,1,Sales,Manager,43955.0,2022-06-23
338,3,Finance,Associate,35707.0,2022-06-09
339,3,Finance,Associate,37737.0,2022-04-21
340,4,Human Resources,Associate,39341.0,2022-12-13
341,2,Marketing,Associate,38901.0,2022-10-28
342,2,Marketing,Executive,81529.0,2022-05-12
343,3,Finance,Executive,103887.56450456612,2022-07-18
344,5,Operations,Executive,97966.0,2022-11-27
345,4,Human Resources,Associate,40782.0,2022-05-16
346,3,Finance,Executive,79812.0,2022-12-07
347,4,Human Resources,Manager,62985.0,2022-06-14
348,2,Marketing,Associate,40596.0,2022-04-13
349,4,Human Resources,Associate,41109.0,2022-05-31
350,2,Marketing,Associate,44232.0,2022-03-31
351,5,Operations,Executive,80245.0,2022-05-20
352,4,Human Resources,Associate,44351.0,2022-08-24
353,5,Operations,Manager,69129.0,2022-09-25
354,2,Marketing,Associate,34170.0,2022-08-20
355,1,Sales,Associate,34034.0,2022-07-06
357,2,Marketing,Executive,101959.0,2022-06-14
358,5,Operations,Manager,63374.0,2022-08-22
359,1,Sales,Manager,54053.0,2022-04-30
360,3,Finance,Manager,61486.0,2022-05-31
361,3,Finance,Associate,42577.0,2022-05-08
362,4,Human Resources,Associate,39589.53218248652,2022-06-13
363,1,Sales,Associate,42250.0,2022-05-30
364,1,Sales,Executive,84350.0,2022-05-25
365,4,Human Resources,Executive,67696.0,2022-09-16
366,3,Finance,Executive,86846.0,2022-11-24
367,5,Operations,Associate,43989.0,2022-09-04
368,5,Operations,Executive,63746.0,2022-11-28
369,5,Operations,Manager,68880.0,2022-10-19
370,2,Marketing,Manager,60516.6848681298,2022-04-29
371,4,Human Resources,Manager,69536.0,2022-11-27
372,5,Operations,Associate,35126.0,2022-08-08
373,1,Sales,Executive,81846.0,2022-12-19
374,3,Finance,Executive,103887.56450456612,2022-03-11
375,2,Marketing,Executive,89903.0,2022-12-02
376,4,Human Resources,Executive,121462.44142024846,2022-10-25
377,3,Finance,Executive,77836.0,2022-06-10
378,2,Marketing,Associate,37599.0,2022-08-18
379,5,Operations,Associate,33158.0,2022-11-27
380,3,Finance,Executive,76835.0,2022-08-12
381,3,Finance,Executive,103887.56450456612,2022-10-13
382,1,Sales,Associate,40409.06051381489,2022-04-21
383,5,Operations,Manager,62217.0,2022-06-19
384,4,Human Resources,Manager,59758.390308591675,2022-06-23
385,3,Finance,Executive,89610.0,2022-06-14
386,3,Finance,Executive,85943.0,2022-07-31
387,1,Sales,Executive,82583.0,2022-11-28
388,5,Operations,Executive,72294.0,2022-09-24
389,5,Operations,Associate,40366.80635538272,2022-12-29
390,4,Human Resources,Executive,77165.0,2022-03-03
391,2,Marketing,Associate,40691.0,2022-12-03
392,2,Marketing,Associate,39737.42929100642,2022-09-06
393,5,Operations,Executive,108747.97320453949,2022-03-10
394,2,Marketing,Associate,47219.0,2022-12-01
395,2,Marketing,Associate,39737.42929100642,2022-04-21
396,5,Operations,Executive,70314.0,2022-06-02
397,1,Sales,Associate,38794.0,2022-04-15
398,2,Marketing,Associate,37150.0,2022-12-13
399,1,Sales,Executive,87725.0,2022-03-02
400,4,Human Resources,Manager,61878.0,2022-03-05
401,3,Finance,Manager,57605.0,2022-03-23
402,3,Finance,Executive,506522.0,2022-09-08
403,3,Finance,Executive,77180.0,2022-11-10
404,1,Sales,Associate,48077.0,2022-08-09
405,1,Sales,Executive,72806.0,2022-04-18
406,1,Sales,Manager,64187.0,2022-12-15
407,1,Sales,Manager,47216.0,2022-06-23
408,4,Human Resources,Associate,49356.0,2022-10-16
409,5,Operations,Executive,79966.0,2022-07-23
410,5,Operations,Manager,49559.0,2022-12-14
411,3,Finance,Associate,38391.0,2022-11-17
412,3,Finance,Associate,33967.0,2022-09-12
413,1,Sales,Executive,116485.21429852198,2022-05-13
414,2,Marketing,Manager,73181.0,2022-11-30
415,5,Operations,Executive,86883.0,2022-02-08
416,2,Marketing,Associate,45004.0,2022-07-24
417,2,Marketing,Manager,49920.0,2022-11-20
418,5,Operations,Executive,84711.0,2022-04-14
419,2,Marketing,Executive,108332.7343298129,2022-05-31
420,4,Human Resources,Executive,81634.0,2022-09-24
421,3,Finance,Executive,65371.0,2022-08-28
422,3,Finance,Executive,83004.0,2022-08-20
423,2,Marketing,Associate,39220.0,2022-10-16
424,2,Marketing,Associate,39737.42929100642,2022-01-29
425,4,Human Resources,Associate,42474.0,2022-03-19
426,4,Human Resources,Executive,121462.44142024846,2022-12-13
427,2,Marketing,Manager,52171.0,2022-09-07
428,1,Sales,Manager,59571.91515860383,2022-05-10
429,3,Finance,Associate,40998.0,2022-07-06
430,2,Marketing,Associate,35419.0,2022-02-04
431,1,Sales,Executive,89868.0,2022-05-17
432,3,Finance,Manager,58008.88696278488,2022-12-03
433,4,Human Resources,Executive,75989.0,2022-04-09
434,3,Finance,Manager,66804.0,2022-06-20
435,1,Sales,Manager,59571.91515860383,2022-09-15
436,5,Operations,Executive,108747.97320453949,2022-10-22
437,1,Sales,Executive,71347.0,2022-05-28
438,5,Operations,Associate,35719.0,2022-10-20
439,5,Operations,Executive,83878.0,2022-05-05
440,1,Sales,Associate,52213.0,2022-02-20
441,3,Finance,Executive,94567.0,2022-06-14
442,3,Finance,Manager,60043.0,2022-10-29
443,4,Human Resources,Associate,43818.0,2022-02-03
444,2,Marketing,Associate,32775.0,2022-09-03
445,3,Finance,Associate,36834.0,2022-03-30
446,2,Marketing,Manager,57181.0,2022-09-10
447,5,Operations,Associate,51209.0,2022-06-20
448,3,Finance,Executive,84399.0,2022-10-09
449,5,Operations,Associate,46650.0,2022-02-09
450,3,Finance,Executive,81637.0,2022-07-28
451,1,Sales,Manager,59571.91515860383,2022-01-26
452,5,Operations,Associate,41039.0,2022-06-16
453,1,Sales,Associate,40409.06051381489,2022-10-29
454,4,Human Resources,Executive,74384.0,2022-08-18
455,1,Sales,Manager,55515.0,2022-11-10
456,5,Operations,Executive,108747.97320453949,2022-05-23
457,4,Human Resources,Associate,43833.0,2022-10-12
458,3,Finance,Associate,33170.0,2022-05-06
459,3,Finance,Executive,79873.0,2022-05-03
460,3,Finance,Executive,82022.0,2022-11-20
461,5,Operations,Executive,494361.0,2022-07-05
462,2,Marketing,Associate,47861.0,2022-04-21
463,1,Sales,Executive,68651.0,2021-12-30
464,3,Finance,Associate,36967.0,2022-05-23
465,1,Sales,Associate,43658.0,2022-10-20
466,5,Operations,Associate,45527.0,2022-02-22
467,5,Operations,Associate,36249.0,2022-01-12
468,1,Sales,Associate,45463.0,2022-05-16
469,3,Finance,Executive,90660.0,2022-01-13
470,4,Human Resources,Associate,40331.0,2022-04-22
471,3,Finance,Associate,41307.0,2022-10-28
472,4,Human Resources,Manager,53626.0,2022-06-05
473,5,Operations,Manager,55265.0,2022-11-21
474,5,Operations,Manager,59326.31530065456,2022-09-12
475,1,Sales,Associate,40592.0,2022-08-29
476,5,Operations,Executive,73850.0,2022-08-06
477,2,Marketing,Associate,41752.0,2022-12-10
478,5,Operations,Associate,35689.0,2022-04-21
479,2,Marketing,Associate,49906.0,2022-12-17
480,1,Sales,Manager,52239.0,2022-11-09
481,1,Sales,Manager,72416.0,2022-05-15
482,5,Operations,Manager,58643.0,2022-09-11
483,5,Operations,Executive,79286.0,2022-10-01
484,5,Operations,Executive,93037.0,2022-09-28
485,3,Finance,Executive,70642.0,2022-08-23
486,2,Marketing,Associate,42106.0,2022-09-02
487,2,Marketing,Executive,509335.0,2022-11-03
488,4,Human Resources,Executive,76194.0,2022-11-16
489,3,Finance,Manager,72052.0,2022-01-15
490,3,Finance,Manager,54069.0,2022-12-15
491,1,Sales,Associate,40693.0,2022-03-24
492,2,Marketing,Executive,108332.7343298129,2022-06-14
493,5,Operations,Executive,108747.97320453949,2022-07-05
494,4,Human Resources,Executive,521415.0,2022-06-19
495,3,Finance,Manager,55676.0,2022-07-23
496,4,Human Resources,Associate,38800.0,2022-09-04
497,5,Operations,Associate,35076.0,2022-05-09
498,5,Operations,Executive,88421.0,2022-08-18
499,3,Finance,Associate,41156.18296487692,2022-02-05
500,3,Finance,Associate,46725.0,2022-11-15
501,5,Operations,Associate,45771.0,2022-07-23
502,2,Marketing,Manager,68495.0,2022-01-02
503,5,Operations,Manager,56963.0,2022-12-18
504,2,Marketing,Manager,52114.0,2022-02-15
505,5,Operations,Associate,46187.0,2022-01-16
506,1,Sales,Manager,59571.91515860383,2022-10-28
507,2,Marketing,Manager,54127.0,2022-12-23
508,4,Human Resources,Manager,59758.390308591675,2021-12-05
509,5,Operations,Manager,64282.0,2022-05-17
510,1,Sales,Manager,59989.0,2022-11-01
511,4,Human Resources,Manager,59758.390308591675,2022-12-02
512,1,Sales,Manager,50401.0,2022-10-20
513,4,Human Resources,Associate,31058.0,2022-12-10
514,1,Sales,Associate,37252.0,2022-10-01
515,3,Finance,Executive,81008.0,2022-03-04
516,3,Finance,Executive,76984.0,2021-12-27
517,3,Finance,Associate,41156.18296487692,2022-02-21
518,5,Operations,Manager,57551.0,2021-11-17
519,2,Marketing,Associate,40705.0,2022-03-16
520,5,Operations,Associate,46781.0,2022-10-26
521,5,Operations,Associate,34755.0,2022-06-14
522,1,Sales,Executive,88656.0,2021-11-12
523,2,Marketing,Manager,60125.0,2022-06-23
524,1,Sales,Executive,88223.0,2022-03-03
525,2,Marketing,Executive,86635.0,2022-05-29
526,4,Human Resources,Associate,45118.0,2022-11-04
527,2,Marketing,Associate,29368.0,2022-04-19
528,4,Human Resources,Executive,121462.44142024846,2022-03-24
529,2,Marketing,Executive,71624.0,2021-12-15
530,1,Sales,Manager,56923.0,2022-11-21
531,5,Operations,Manager,72090.0,2022-08-30
532,4,Human Resources,Associate,41504.0,2022-10-27
533,2,Marketing,Associate,48751.0,2022-10-18
534,3,Finance,Associate,30461.0,2022-12-31
535,3,Finance,Associate,41118.0,2022-08-24
536,3,Finance,Executive,103887.56450456612,2022-03-27
537,2,Marketing,Associate,36871.0,2022-04-06
538,3,Finance,Associate,37753.0,2022-04-30
539,1,Sales,Manager,67013.0,2022-04-27
540,4,Human Resources,Executive,76075.0,2021-10-20
541,2,Marketing,Associate,44642.0,2022-06-26
542,2,Marketing,Associate,39737.42929100642,2022-09-26
543,5,Operations,Executive,82890.0,2022-06-12
544,4,Human Resources,Manager,50557.0,2022-11-02
545,5,Operations,Associate,49722.0,2022-11-12
546,5,Operations,Associate,41735.0,2022-05-12
547,2,Marketing,Associate,41309.0,2022-04-09
548,1,Sales,Executive,79864.0,2022-09-29
549,1,Sales,Executive,67744.0,2021-10-31
550,3,Finance,Executive,90847.0,2022-12-04
551,4,Human Resources,Executive,121462.44142024846,2022-12-27
552,4,Human Resources,Executive,121462.44142024846,2022-04-09
553,2,Marketing,Manager,54476.0,2022-10-07
554,2,Marketing,Executive,108332.7343298129,2022-09-30
555,4,Human Resources,Manager,66218.0,2022-11-25
556,3,Finance,Associate,35419.0,2022-06-02
557,1,Sales,Associate,41773.0,2021-11-09
558,2,Marketing,Manager,75700.0,2021-12-17
559,4,Human Resources,Associate,35017.0,2022-06-11
560,1,Sales,Associate,40409.06051381489,2022-04-21
561,4,Human Resources,Executive,485945.0,2021-11-09
562,5,Operations,Executive,81603.0,2022-12-11
563,5,Operations,Manager,55997.0,2022-06-23
564,1,Sales,Manager,59571.91515860383,2022-06-06
565,4,Human Resources,Manager,63049.0,2022-05-19
566,5,Operations,Executive,108747.97320453949,2022-06-14
567,5,Operations,Manager,50415.0,2022-10-26
568,4,Human Resources,Associate,40801.0,2022-05-02
569,5,Operations,Manager,74107.0,2021-10-17
570,1,Sales,Executive,71421.0,2022-07-01
571,5,Operations,Associate,40375.0,2022-09-25
572,5,Operations,Associate,43054.0,2021-12-18
574,2,Marketing,Associate,40050.0,2022-05-19
575,4,Human Resources,Associate,37876.0,2022-01-05
576,5,Operations,Associate,47837.0,2022-02-04
577,5,Operations,Executive,83248.0,2021-11-05
578,2,Marketing,Associate,48465.0,2021-09-24
579,2,Marketing,Manager,59607.0,2022-09-07
580,3,Finance,Associate,40223.0,2022-07-23
581,2,Marketing,Associate,50765.0,2022-04-21
582,5,Operations,Associate,48198.0,2021-11-29
583,3,Finance,Executive,103887.56450456612,2022-10-06
584,3,Finance,Manager,54710.0,2022-05-14
585,2,Marketing,Executive,75415.0,2022-05-25
586,4,Human Resources,Executive,71118.0,2022-01-29
587,5,Operations,Executive,68637.0,2022-06-09
588,1,Sales,Executive,116485.21429852198,2022-11-22
589,4,Human Resources,Associate,41496.0,2022-06-19
590,1,Sales,Manager,70551.0,2022-11-06
591,4,Human Resources,Executive,499603.0,2022-02-05
592,5,Operations,Associate,35373.0,2022-06-13
593,4,Human Resources,Executive,63617.0,2022-07-16
594,3,Finance,Associate,38860.0,2022-03-08
595,4,Human Resources,Executive,74710.0,2021-09-20
596,4,Human Resources,Manager,61857.0,2022-08-05
597,1,Sales,Executive,85931.0,2022-06-14
598,3,Finance,Executive,79230.0,2022-11-19
599,4,Human Resources,Associate,37404.0,2021-10-03
600,1,Sales,Associate,40925.0,2022-04-21
601,2,Marketing,Associate,40535.0,2022-06-15
602,5,Operations,Executive,83175.0,2022-12-11
603,5,Operations,Associate,46796.0,2022-06-22
604,3,Finance,Associate,39408.0,2022-02-11
605,3,Finance,Associate,34891.0,2022-11-12
606,1,Sales,Associate,39384.0,2022-12-01
607,4,Human Resources,Associate,39589.53218248652,2022-02-18
608,3,Finance,Associate,41156.18296487692,2021-09-11
609,2,Marketing,Manager,69452.0,2022-06-13
610,1,Sales,Executive,76363.0,2022-03-25
611,3,Finance,Manager,48291.0,2022-03-22
612,3,Finance,Executive,70463.0,2022-10-10
613,2,Marketing,Associate,40911.0,2022-03-13
614,4,Human Resources,Manager,61053.0,2022-05-01
615,5,Operations,Executive,82138.0,2021-11-02
616,1,Sales,Executive,71915.0,2022-11-12
617,4,Human Resources,Executive,82545.0,2022-11-19
618,3,Finance,Executive,103887.56450456612,2022-07-28
619,3,Finance,Associate,39100.0,2022-10-19
620,4,Human Resources,Associate,39589.53218248652,2021-08-17
621,2,Marketing,Associate,42046.0,2021-11-21
622,1,Sales,Manager,60831.0,2022-12-07
623,3,Finance,Manager,62040.0,2021-10-13
624,4,Human Resources,Executive,77709.0,2022-02-22
625,2,Marketing,Manager,55348.0,2022-08-18
626,1,Sales,Associate,44623.0,2022-01-02
627,1,Sales,Manager,57373.0,2022-09-16
628,3,Finance,Associate,42442.0,2021-09-04
629,2,Marketing,Associate,39605.0,2022-07-16
630,3,Finance,Executive,103887.56450456612,2022-04-04
631,3,Finance,Executive,82699.0,2022-03-29
632,4,Human Resources,Executive,83743.0,2022-02-07
633,4,Human Resources,Executive,489063.0,2022-07-26
634,1,Sales,Executive,85460.0,2022-03-02
635,1,Sales,Manager,69218.0,2022-03-09
636,5,Operations,Manager,58707.0,2021-09-20
637,1,Sales,Associate,40409.06051381489,2022-02-09
638,4,Human Resources,Associate,34336.0,2022-03-24
639,5,Operations,Executive,108747.97320453949,2022-02-15
641,2,Marketing,Executive,108332.7343298129,2022-01-02
642,3,Finance,Executive,79364.0,2022-06-14
643,4,Human Resources,Manager,67700.0,2022-10-31
644,1,Sales,Executive,79829.0,2021-09-18
645,1,Sales,Associate,39758.0,2022-06-11
646,3,Finance,Associate,45274.0,2021-09-04
647,2,Marketing,Associate,44418.0,2021-11-08
648,3,Finance,Associate,42760.0,2021-10-20
649,4,Human Resources,Executive,73482.0,2021-12-21
650,4,Human Resources,Associate,47813.0,2021-10-05
651,2,Marketing,Associate,36573.0,2021-09-07
652,3,Finance,Associate,49833.0,2022-02-17
654,5,Operations,Manager,59326.31530065456,2022-06-23
655,1,Sales,Manager,54554.0,2022-03-13
656,1,Sales,Associate,34265.0,2021-07-27
657,3,Finance,Associate,37289.0,2021-10-11
658,1,Sales,Executive,504299.0,2022-02-23
659,3,Finance,Associate,41260.0,2021-11-14
660,5,Operations,Manager,55458.0,2022-11-11
661,1,Sales,Associate,38330.0,2021-09-04
662,3,Finance,Associate,46489.0,2022-03-06
663,3,Finance,Executive,77561.0,2021-12-09
664,4,Human Resources,Associate,45853.0,2022-04-10
665,1,Sales,Associate,40409.06051381489,2021-11-29
666,5,Operations,Associate,38744.0,2022-10-25
667,4,Human Resources,Associate,34028.0,2022-05-27
668,5,Operations,Executive,78182.0,2022-12-31
670,2,Marketing,Manager,60516.6848681298,2022-12-03
671,1,Sales,Associate,41944.0,2022-07-03
672,1,Sales,Executive,83240.0,2021-09-15
673,3,Finance,Associate,37320.0,2022-03-06
674,2,Marketing,Executive,87718.0,2022-12-07
675,3,Finance,Associate,38960.0,2022-02-04
676,1,Sales,Manager,54321.0,2022-12-07
677,5,Operations,Executive,108747.97320453949,2022-01-06
678,5,Operations,Associate,39446.0,2021-09-12
679,3,Finance,Manager,58008.88696278488,2022-01-20
680,5,Operations,Manager,59326.31530065456,2022-06-23
681,2,Marketing,Executive,507545.0,2021-10-06
682,3,Finance,Executive,103887.56450456612,2021-07-12
683,1,Sales,Manager,66056.0,2022-04-24
684,1,Sales,Manager,67972.0,2021-08-28
685,2,Marketing,Executive,108332.7343298129,2022-10-16
686,1,Sales,Executive,499558.0,2022-02-03
687,3,Finance,Executive,99414.0,2022-08-22
688,1,Sales,Associate,42862.0,2022-08-23
689,3,Finance,Associate,31655.0,2021-08-06
690,3,Finance,Associate,50118.0,2022-02-14
691,4,Human Resources,Manager,57177.0,2022-11-17
692,2,Marketing,Executive,84253.0,2021-10-14
693,5,Operations,Executive,81800.0,2021-12-18
694,1,Sales,Manager,60600.0,2022-04-24
695,4,Human Resources,Associate,42673.0,2022-04-21
696,3,Finance,Associate,35300.0,2022-06-03
697,3,Finance,Associate,40732.0,2022-06-23
698,1,Sales,Associate,44281.0,2022-03-24
699,5,Operations,Associate,36190.0,2022-12-20
700,5,Operations,Associate,41067.0,2022-06-22
701,3,Finance,Associate,41156.18296487692,2021-09-13
702,3,Finance,Associate,40645.0,2021-06-26
703,2,Marketing,Manager,63437.0,2021-12-16
704,1,Sales,Manager,54980.0,2021-11-06
705,4,Human Resources,Associate,41042.0,2021-11-28
706,4,Human Resources,Manager,53716.0,2022-03-20
707,5,Operations,Manager,59326.31530065456,2021-10-26
709,1,Sales,Manager,59571.91515860383,2021-11-14
710,5,Operations,Associate,47513.0,2022-04-21
711,4,Human Resources,Associate,37863.0,2021-10-05
712,5,Operations,Associate,47714.0,2022-04-21
713,2,Marketing,Manager,57336.0,2022-07-14
714,4,Human Resources,Manager,47373.0,2022-01-05
715,5,Operations,Executive,501270.0,2021-10-03
716,2,Marketing,Manager,66786.0,2021-12-13
717,2,Marketing,Manager,59609.0,2022-09-25
718,1,Sales,Executive,116485.21429852198,2022-07-23
719,5,Operations,Executive,79665.0,2022-02-23
720,4,Human Resources,Associate,42125.0,2021-10-22
721,5,Operations,Associate,40366.80635538272,2021-10-02
722,5,Operations,Manager,68146.0,2022-07-05
723,4,Human Resources,Executive,77031.0,2022-03-03
724,1,Sales,Manager,59571.91515860383,2021-06-15
725,4,Human Resources,Executive,121462.44142024846,2022-06-14
726,4,Human Resources,Manager,52725.0,2022-01-19
727,1,Sales,Associate,30616.0,2021-06-18
728,1,Sales,Manager,63733.0,2022-03-16
729,2,Marketing,Associate,40901.0,2022-06-17
730,3,Finance,Executive,103887.56450456612,2021-08-01
731,1,Sales,Manager,62501.0,2021-09-08
732,3,Finance,Executive,92885.0,2022-10-30
733,1,Sales,Executive,116485.21429852198,2021-07-08
734,1,Sales,Executive,80982.0,2022-10-14
735,2,Marketing,Associate,34526.0,2021-07-24
736,3,Finance,Manager,58008.88696278488,2022-01-03
737,3,Finance,Associate,41512.0,2022-05-12
738,5,Operations,Executive,90186.0,2022-06-13
739,1,Sales,Associate,44807.0,2021-08-29
740,4,Human Resources,Associate,35077.0,2022-10-07
741,5,Operations,Executive,65634.0,2022-03-24
742,3,Finance,Associate,41348.0,2022-01-23
743,3,Finance,Manager,62038.0,2021-05-15
744,5,Operations,Manager,54950.0,2021-09-06
745,5,Operations,Executive,90481.0,2022-09-12
747,2,Marketing,Associate,40275.0,2022-10-06
748,5,Operations,Manager,66013.0,2022-06-20
749,5,Operations,Manager,67917.0,2022-05-10
750,2,Marketing,Manager,54340.0,2022-02-01
751,2,Marketing,Manager,63716.0,2022-10-12
752,4,Human Resources,Associate,49271.0,2021-05-25
753,2,Marketing,Executive,82235.0,2021-05-10
754,2,Marketing,Associate,36131.0,2022-10-08
755,4,Human Resources,Manager,60657.0,2022-03-14
756,2,Marketing,Executive,71863.0,2022-08-16
757,2,Marketing,Associate,39737.42929100642,2022-01-24
758,2,Marketing,Associate,39737.42929100642,2021-06-25
759,1,Sales,Executive,88985.0,2022-06-09
760,5,Operations,Associate,29510.0,2021-07-14
761,4,Human Resources,Executive,78813.0,2022-01-25
762,5,Operations,Associate,41606.0,2021-11-10
763,2,Marketing,Associate,36028.0,2022-11-10
764,2,Marketing,Manager,59211.0,2022-01-09
765,1,Sales,Manager,59288.0,2022-12-11
766,5,Operations,Executive,77876.0,2022-05-04
767,2,Marketing,Manager,62643.0,2022-01-02
768,4,Human Resources,Executive,84016.0,2022-05-02
769,1,Sales,Executive,519222.0,2022-01-15
770,1,Sales,Executive,86537.0,2022-08-02
771,1,Sales,Executive,91615.0,2022-01-04
772,5,Operations,Executive,63495.0,2021-06-03
773,1,Sales,Associate,39881.0,2021-05-01
774,4,Human Resources,Associate,39589.53218248652,2022-04-21
775,4,Human Resources,Associate,46871.0,2021-07-02
776,2,Marketing,Executive,83140.0,2021-11-21
777,1,Sales,Executive,64949.0,2021-04-16
778,3,Finance,Associate,46768.0,2022-04-21
779,2,Marketing,Associate,37407.0,2021-06-12
780,4,Human Resources,Manager,66675.0,2021-12-15
781,1,Sales,Executive,72816.0,2022-02-13
782,2,Marketing,Executive,74469.0,2022-01-25
783,5,Operations,Associate,45268.0,2022-04-21
784,3,Finance,Executive,103887.56450456612,2022-02-09
785,1,Sales,Manager,53146.0,2022-07-17
786,2,Marketing,Executive,80891.0,2021-06-09
787,2,Marketing,Executive,57833.0,2021-09-24
788,2,Marketing,Associate,41796.0,2022-07-28
790,3,Finance,Manager,58165.0,2021-04-14
791,3,Finance,Executive,80648.0,2022-07-28
792,5,Operations,Associate,51120.0,2022-04-21
793,3,Finance,Manager,51003.0,2022-06-23
794,3,Finance,Manager,57224.0,2022-04-18
795,2,Marketing,Manager,52421.0,2021-07-17
796,4,Human Resources,Manager,54201.0,2021-05-26
797,3,Finance,Executive,74042.0,2021-06-09
798,1,Sales,Executive,74537.0,2022-11-02
799,3,Finance,Manager,58008.88696278488,2021-07-03
800,1,Sales,Associate,39032.0,2021-05-02
801,4,Human Resources,Executive,508019.0,2021-09-24
802,1,Sales,Executive,73043.0,2021-05-27
803,2,Marketing,Executive,73884.0,2022-10-31
804,2,Marketing,Manager,71291.0,2022-11-17
805,4,Human Resources,Executive,69509.0,2021-12-14
806,3,Finance,Executive,103887.56450456612,2021-12-20
807,3,Finance,Executive,74032.0,2022-11-28
808,4,Human Resources,Associate,38832.0,2021-08-25
809,4,Human Resources,Associate,36814.0,2022-06-18
810,4,Human Resources,Executive,79414.0,2022-02-20
811,5,Operations,Associate,49788.0,2021-11-23
812,3,Finance,Associate,39273.0,2021-07-15
813,5,Operations,Executive,83056.0,2022-07-18
814,3,Finance,Manager,60603.0,2022-03-07
816,5,Operations,Manager,53402.0,2021-11-16
817,2,Marketing,Executive,489918.0,2022-11-09
818,3,Finance,Manager,52722.0,2022-03-14
819,3,Finance,Executive,103887.56450456612,2022-12-05
820,1,Sales,Associate,33676.0,2021-07-11
821,4,Human Resources,Executive,505733.0,2022-09-11
822,5,Operations,Executive,108747.97320453949,2022-02-20
823,3,Finance,Manager,64291.0,2022-02-12
824,1,Sales,Executive,89055.0,2022-01-30
825,1,Sales,Manager,59282.0,2021-05-15
826,3,Finance,Associate,45146.0,2021-10-05
827,3,Finance,Executive,71066.0,2022-08-01
828,4,Human Resources,Manager,66700.0,2021-10-29
829,3,Finance,Executive,77899.0,2021-08-11
830,4,Human Resources,Executive,73945.0,2021-11-19
831,4,Human Resources,Manager,59758.390308591675,2021-11-25
832,1,Sales,Manager,67880.0,2022-02-25
833,1,Sales,Manager,58707.0,2022-10-06
834,5,Operations,Associate,46377.0,2021-07-19
835,5,Operations,Associate,40049.0,2022-05-19
836,1,Sales,Associate,42183.0,2022-04-21
837,4,Human Resources,Associate,40827.0,2022-04-21
838,1,Sales,Manager,59571.91515860383,2021-07-21
839,4,Human Resources,Associate,37779.0,2022-06-03
840,1,Sales,Associate,44127.0,2021-12-14
841,3,Finance,Executive,71021.0,2021-10-01
842,3,Finance,Associate,47021.0,2022-12-18
843,4,Human Resources,Manager,69118.0,2021-08-17
844,3,Finance,Manager,59943.0,2022-03-02
845,3,Finance,Associate,45959.0,2021-08-25
846,4,Human Resources,Manager,59758.390308591675,2022-06-23
847,2,Marketing,Manager,66813.0,2022-01-08
848,4,Human Resources,Associate,35557.0,2022-09-10
849,5,Operations,Manager,52380.0,2022-09-26
850,5,Operations,Manager,45877.0,2022-11-08
851,2,Marketing,Associate,41915.0,2022-03-06
852,5,Operations,Manager,43459.0,2022-08-12
853,5,Operations,Executive,75484.0,2021-02-19
854,5,Operations,Manager,65532.0,2021-12-03
855,4,Human Resources,Associate,35366.0,2021-04-13
856,5,Operations,Executive,83204.0,2022-10-07
857,5,Operations,Associate,39890.0,2021-07-06
858,4,Human Resources,Manager,62848.0,2022-02-10
859,2,Marketing,Manager,48585.0,2021-02-07
860,5,Operations,Executive,108747.97320453949,2021-04-16
861,2,Marketing,Associate,43970.0,2022-04-21
863,2,Marketing,Executive,88103.0,2022-06-14
864,1,Sales,Associate,50599.0,2021-06-21
865,3,Finance,Executive,66203.0,2021-07-13
866,5,Operations,Associate,32290.0,2022-01-12
867,1,Sales,Executive,81452.0,2022-03-25
868,3,Finance,Associate,43358.0,2021-02-01
869,2,Marketing,Associate,39737.42929100642,2022-03-04
870,2,Marketing,Manager,60516.6848681298,2021-03-01
871,1,Sales,Executive,75346.0,2022-08-15
872,3,Finance,Manager,58008.88696278488,2022-05-27
873,3,Finance,Executive,103887.56450456612,2021-12-03
874,3,Finance,Associate,41156.18296487692,2022-11-26
875,3,Finance,Manager,60631.0,2022-12-20
876,3,Finance,Manager,55859.0,2021-09-29
877,2,Marketing,Associate,30723.0,2022-04-11
878,5,Operations,Manager,70524.0,2021-07-04
879,4,Human Resources,Executive,80550.0,2021-03-21
880,4,Human Resources,Associate,45489.0,2022-09-01
881,3,Finance,Executive,502322.0,2022-10-19
882,5,Operations,Associate,40366.80635538272,2022-04-04
883,1,Sales,Executive,116485.21429852198,2021-09-09
884,4,Human Resources,Associate,31802.0,2022-07-07
885,3,Finance,Associate,41156.18296487692,2021-06-21
886,1,Sales,Manager,69109.0,2022-04-04
887,4,Human Resources,Manager,56467.0,2021-09-08
888,3,Finance,Executive,103887.56450456612,2021-07-08
889,5,Operations,Manager,65786.0,2021-12-23
890,1,Sales,Manager,71631.0,2021-04-18
891,1,Sales,Executive,81220.0,2021-03-02
893,2,Marketing,Associate,40449.0,2022-01-23
894,4,Human Resources,Associate,42250.0,2022-12-06
895,4,Human Resources,Manager,49946.0,2022-06-23
896,5,Operations,Associate,38521.0,2022-03-14
897,5,Operations,Manager,66756.0,2022-03-18
898,1,Sales,Associate,39576.0,2021-07-06
899,3,Finance,Manager,63344.0,2021-03-05
900,5,Operations,Associate,39773.0,2021-05-04
901,1,Sales,Associate,40409.06051381489,2021-11-06
902,3,Finance,Associate,45210.0,2021-09-18
903,2,Marketing,Executive,80576.0,2021-08-02
904,1,Sales,Manager,55035.0,2021-10-07
905,3,Finance,Associate,38654.0,2021-11-13
906,5,Operations,Associate,46221.0,2022-11-17
907,3,Finance,Associate,41723.0,2022-11-11
908,1,Sales,Executive,512376.0,2021-04-02
909,4,Human Resources,Manager,59758.390308591675,2022-11-05
910,1,Sales,Manager,60183.0,2021-01-28
911,5,Operations,Executive,83770.0,2022-10-23
912,4,Human Resources,Associate,38742.0,2022-12-17
913,2,Marketing,Executive,91623.0,2022-01-15
914,5,Operations,Executive,79398.0,2022-10-10
915,3,Finance,Manager,58008.88696278488,2022-04-01
916,1,Sales,Manager,69319.0,2022-10-21
917,2,Marketing,Manager,60516.6848681298,2022-06-23
918,2,Marketing,Executive,83567.0,2021-10-12
919,1,Sales,Executive,71602.0,2021-05-06
920,5,Operations,Manager,35732.0,2022-12-24
921,5,Operations,Executive,76372.0,2022-02-09
922,5,Operations,Manager,61333.0,2022-07-26
923,2,Marketing,Executive,79593.0,2021-07-22
924,2,Marketing,Executive,67708.0,2021-10-09
925,1,Sales,Associate,42573.0,2022-07-24
926,2,Marketing,Manager,59071.0,2021-06-09
927,5,Operations,Associate,43567.0,2021-08-27
928,3,Finance,Associate,29102.0,2021-04-02
929,5,Operations,Associate,43989.0,2021-01-09
930,3,Finance,Associate,29444.0,2022-10-08
931,5,Operations,Executive,108747.97320453949,2022-08-13
932,1,Sales,Executive,72514.0,2022-08-30
933,4,Human Resources,Manager,54273.0,2022-11-15
934,1,Sales,Associate,32317.0,2022-09-27
935,5,Operations,Associate,35895.0,2021-01-15
936,1,Sales,Executive,91864.0,2021-05-15
937,2,Marketing,Executive,108332.7343298129,2022-03-18
938,2,Marketing,Associate,41006.0,2021-11-15
939,5,Operations,Manager,62981.0,2022-06-23
940,3,Finance,Associate,39797.0,2021-07-18
941,4,Human Resources,Manager,45642.0,2020-12-08
942,5,Operations,Associate,38113.0,2021-07-27
943,5,Operations,Executive,108747.97320453949,2022-03-23
944,5,Operations,Manager,56998.0,2021-09-02
945,2,Marketing,Associate,39737.42929100642,2022-01-14
946,4,Human Resources,Executive,81497.0,2021-10-22
947,5,Operations,Associate,40461.0,2022-04-21
948,1,Sales,Manager,60533.0,2021-01-18
949,3,Finance,Associate,38023.0,2022-07-04
950,4,Human Resources,Executive,69482.0,2020-12-16
951,4,Human Resources,Executive,121462.44142024846,2022-06-14
952,5,Operations,Executive,81174.0,2020-12-21
953,5,Operations,Associate,29698.0,2020-11-26
954,3,Finance,Manager,35501.0,2022-04-22
955,4,Human Resources,Associate,31012.0,2022-04-21
956,2,Marketing,Manager,60322.0,2021-12-10
957,5,Operations,Manager,59459.0,2021-09-03
958,1,Sales,Executive,87510.0,2022-05-13
959,5,Operations,Executive,79334.0,2022-09-02
960,5,Operations,Associate,35409.0,2022-07-15
961,1,Sales,Associate,46681.0,2022-09-14
962,2,Marketing,Associate,44407.0,2021-10-05
963,3,Finance,Manager,53854.0,2022-09-21
964,4,Human Resources,Associate,40049.0,2021-07-04
965,5,Operations,Associate,31289.0,2022-04-21
966,2,Marketing,Associate,35402.0,2022-07-10
967,1,Sales,Executive,83885.0,2022-12-23
968,5,Operations,Associate,35834.0,2021-01-07
969,2,Marketing,Associate,39737.42929100642,2021-07-18
970,5,Operations,Manager,48631.0,2022-07-22
971,3,Finance,Executive,100066.0,2022-06-21
972,3,Finance,Associate,41123.0,2022-08-13
973,4,Human Resources,Associate,33370.0,2022-05-08
974,2,Marketing,Associate,30612.0,2022-07-18
975,1,Sales,Manager,58069.0,2022-04-06
976,2,Marketing,Executive,69726.0,2021-02-06
977,1,Sales,Executive,62474.0,2021-07-28
978,5,Operations,Manager,59326.31530065456,2022-04-22
979,2,Marketing,Manager,59254.0,2021-08-18
980,5,Operations,Executive,89486.0,2022-06-05
981,1,Sales,Manager,59571.91515860383,2022-08-07
982,1,Sales,Executive,69091.0,2020-12-22
983,2,Marketing,Executive,108332.7343298129,2021-06-12
984,4,Human Resources,Manager,55278.0,2022-06-23
985,2,Marketing,Executive,85710.0,2021-11-27
986,2,Marketing,Associate,39737.42929100642,2022-09-15
987,4,Human Resources,Associate,40763.0,2022-11-16
988,1,Sales,Manager,62176.0,2021-12-12
989,2,Marketing,Manager,57890.0,2021-07-12
990,2,Marketing,Associate,33678.0,2021-01-10
991,2,Marketing,Executive,70086.0,2021-12-20
992,1,Sales,Manager,47214.0,2022-08-16
993,4,Human Resources,Associate,38263.0,2020-10-28
994,2,Marketing,Associate,39737.42929100642,2021-05-02
995,3,Finance,Associate,46139.0,2021-12-17
996,2,Marketing,Associate,37725.0,2022-11-26
997,2,Marketing,Manager,49695.0,2021-09-10
998,4,Human Resources,Associate,41911.0,2022-02-26
999,5,Operations,Associate,41374.0,2022-07-28
1000,4,Human Resources,Executive,79653.0,2021-09-23
1001,4,Human Resources,Associate,31016.0,2022-09-01
1002,1,Sales,Executive,80534.0,2022-09-28
1003,5,Operations,Associate,39644.0,2022-02-20
1004,5,Operations,Associate,43771.0,2022-09-26
1005,4,Human Resources,Associate,42807.0,2022-04-17
1006,4,Human Resources,Associate,40140.0,2021-08-07
1007,2,Marketing,Associate,34791.0,2021-04-25
1008,5,Operations,Manager,60861.0,2021-07-01
1009,4,Human Resources,Manager,67072.0,2020-10-10
1010,3,Finance,Associate,45563.0,2021-11-11
1011,1,Sales,Associate,37076.0,2021-11-01
1012,4,Human Resources,Associate,36714.0,2021-06-09
1013,5,Operations,Executive,62702.0,2021-02-10
1014,2,Marketing,Manager,72692.0,2022-12-24
1015,3,Finance,Manager,58008.88696278488,2022-05-21
1016,1,Sales,Associate,40409.06051381489,2022-12-03
1017,1,Sales,Associate,44846.0,2022-06-18
1018,3,Finance,Associate,47695.0,2021-03-30
1019,3,Finance,Associate,43580.0,2021-07-12
1020,4,Human Resources,Associate,44997.0,2022-06-07
1021,5,Operations,Associate,40366.80635538272,2021-01-05
1022,1,Sales,Associate,40409.06051381489,2022-03-10
1023,2,Marketing,Executive,80232.0,2022-07-04
1024,5,Operations,Associate,33432.0,2021-11-16
1025,1,Sales,Executive,78470.0,2022-07-20
1026,1,Sales,Associate,34198.0,2021-04-20
1027,4,Human Resources,Executive,67691.0,2022-05-23
1028,5,Operations,Manager,59326.31530065456,2022-05-29
1030,2,Marketing,Executive,108332.7343298129,2021-07-11
1031,1,Sales,Associate,39817.0,2021-07-04
1032,1,Sales,Associate,35240.0,2021-02-14
1033,3,Finance,Associate,48956.0,2021-02-12
1034,3,Finance,Executive,74488.0,2022-06-14
1035,3,Finance,Associate,40945.0,2022-04-16
1036,5,Operations,Manager,55460.0,2021-09-22
1037,3,Finance,Executive,66185.0,2022-02-23
1038,3,Finance,Associate,43054.0,2022-05-19
1039,4,Human Resources,Manager,54423.0,2022-07-09
1040,5,Operations,Associate,40352.0,2021-03-28
1041,4,Human Resources,Manager,59029.0,2021-11-12
1042,5,Operations,Associate,39041.0,2022-04-21
1043,5,Operations,Manager,59326.31530065456,2021-01-11
1044,4,Human Resources,Manager,70986.0,2022-10-14
1045,2,Marketing,Executive,108332.7343298129,2022-02-27
1046,5,Operations,Manager,51786.0,2021-05-09
1047,3,Finance,Associate,41982.0,2021-01-10
1048,4,Human Resources,Manager,61381.0,2021-06-07
1050,5,Operations,Associate,39660.0,2021-07-04
1051,3,Finance,Associate,48240.0,2022-04-21
1052,3,Finance,Executive,103887.56450456612,2022-06-14
1053,3,Finance,Associate,34241.0,2021-03-01
1054,3,Finance,Associate,42027.0,2021-07-22
1055,2,Marketing,Associate,43621.0,2021-02-27
1056,4,Human Resources,Manager,57773.0,2021-10-20
1057,2,Marketing,Associate,48661.0,2021-06-16
1058,1,Sales,Manager,55692.0,2021-07-04
1059,1,Sales,Executive,116485.21429852198,2021-05-03
1060,4,Human Resources,Associate,31038.0,2022-03-08
1061,1,Sales,Associate,42324.0,2021-12-16
1062,2,Marketing,Executive,100081.0,2022-06-21
1063,5,Operations,Manager,66458.0,2021-05-31
1064,4,Human Resources,Associate,34027.0,2021-01-27
1065,5,Operations,Associate,40523.0,2022-03-29
1066,4,Human Resources,Manager,67258.0,2020-11-08
1067,2,Marketing,Associate,39512.0,2021-11-01
1068,3,Finance,Manager,68082.0,2021-11-17
1069,3,Finance,Associate,41156.18296487692,2022-09-03
1070,1,Sales,Associate,44921.0,2021-05-28
1072,4,Human Resources,Associate,36048.0,2021-04-28
1073,4,Human Resources,Executive,67328.0,2022-06-14
1074,5,Operations,Executive,108747.97320453949,2022-07-15
1075,4,Human Resources,Associate,33386.0,2021-01-26
1076,1,Sales,Associate,35170.0,2022-02-19
1077,5,Operations,Associate,40215.0,2022-04-21
1078,4,Human Resources,Associate,41266.0,2021-09-14
1079,3,Finance,Executive,87431.0,2022-02-25
1080,5,Operations,Executive,80233.0,2022-03-18
1081,2,Marketing,Associate,39859.0,2021-11-07
1082,1,Sales,Associate,40409.06051381489,2020-12-25
1083,1,Sales,Associate,40156.0,2021-08-10
1084,3,Finance,Executive,93817.0,2022-12-14
1085,5,Operations,Manager,73125.0,2022-09-09
1086,2,Marketing,Associate,40884.0,2021-01-02
1087,3,Finance,Manager,58008.88696278488,2022-04-06
1088,2,Marketing,Executive,77152.0,2021-01-30
1089,4,Human Resources,Associate,36070.0,2020-11-08
1090,4,Human Resources,Associate,40757.0,2021-05-14
1091,5,Operations,Executive,78416.0,2020-08-11
1092,3,Finance,Executive,96518.0,2022-01-04
1093,2,Marketing,Manager,62158.0,2022-01-07
1094,3,Finance,Associate,49856.0,2021-01-13
1095,4,Human Resources,Associate,41491.0,2021-12-04
1096,5,Operations,Executive,108747.97320453949,2021-06-29
1097,4,Human Resources,Executive,77401.0,2022-04-19
1098,4,Human Resources,Manager,59758.390308591675,2022-08-25
1099,3,Finance,Executive,62798.0,2022-06-14
1100,5,Operations,Associate,37721.0,2022-11-13
1102,5,Operations,Associate,42655.0,2020-12-21
1103,2,Marketing,Associate,45218.0,2022-11-05
1104,3,Finance,Associate,37481.0,2021-04-17
1105,1,Sales,Executive,74844.0,2020-08-27
1106,1,Sales,Executive,116485.21429852198,2022-01-26
1107,1,Sales,Associate,38489.0,2022-02-28
1108,5,Operations,Executive,82486.0,2020-10-13
1109,1,Sales,Manager,65354.0,2022-01-07
1110,3,Finance,Executive,502195.0,2022-09-01
1111,3,Finance,Associate,45776.0,2021-10-29
1112,5,Operations,Manager,59326.31530065456,2022-12-30
1113,3,Finance,Manager,54834.0,2021-10-25
1114,5,Operations,Manager,64503.0,2022-03-03
1115,4,Human Resources,Associate,45133.0,2021-06-09
1116,3,Finance,Associate,48621.0,2021-12-03
1117,2,Marketing,Executive,77456.0,2020-10-14
1118,1,Sales,Executive,68808.0,2021-06-04
1119,5,Operations,Manager,53680.0,2021-02-18
1120,5,Operations,Manager,63044.0,2021-01-28
1122,4,Human Resources,Manager,60637.0,2021-07-31
1123,4,Human Resources,Associate,36278.0,2022-06-02
1124,1,Sales,Executive,80151.0,2021-05-28
1125,2,Marketing,Manager,74404.0,2020-12-17
1126,2,Marketing,Executive,108332.7343298129,2020-08-17
1127,4,Human Resources,Associate,35299.0,2020-08-18
1128,5,Operations,Manager,75813.0,2022-08-14
1129,4,Human Resources,Associate,42881.0,2021-07-12
1130,3,Finance,Associate,50088.0,2021-05-03
1131,2,Marketing,Associate,41387.0,2022-03-02
1132,5,Operations,Associate,35411.0,2021-11-11
1133,1,Sales,Associate,35172.0,2021-05-17
1134,1,Sales,Associate,43619.0,2022-04-12
1135,2,Marketing,Manager,62004.0,2021-07-02
1136,5,Operations,Associate,33876.0,2020-10-12
1137,2,Marketing,Associate,29428.0,2021-05-28
1138,4,Human Resources,Manager,51280.0,2022-06-02
1140,2,Marketing,Executive,80841.0,2020-11-27
1141,5,Operations,Associate,40366.80635538272,2021-05-26
1142,5,Operations,Associate,42545.0,2020-10-02
1143,2,Marketing,Associate,50486.0,2022-08-09
1144,3,Finance,Associate,36963.0,2022-07-19
1145,3,Finance,Associate,38582.0,2022-04-21
1147,5,Operations,Executive,81989.0,2021-06-04
1148,2,Marketing,Manager,61121.0,2022-03-09
1149,3,Finance,Executive,89140.0,2021-08-02
1150,2,Marketing,Associate,35222.0,2022-09-14
1151,2,Marketing,Executive,108332.7343298129,2020-07-27
1152,5,Operations,Associate,45515.0,2020-09-25
1153,3,Finance,Manager,72281.0,2021-11-10
1154,1,Sales,Associate,34005.0,2022-09-19
1155,4,Human Resources,Associate,29255.0,2021-12-09
1156,5,Operations,Executive,83808.0,2022-10-26
1157,3,Finance,Executive,72523.0,2021-11-17
1158,2,Marketing,Associate,35039.0,2020-12-13
1159,3,Finance,Associate,41407.0,2020-10-26
1160,3,Finance,Executive,98755.0,2022-06-14
1161,2,Marketing,Associate,33993.0,2022-08-31
1162,2,Marketing,Manager,65452.0,2022-06-13
1163,2,Marketing,Associate,35431.0,2022-02-13
1164,3,Finance,Associate,37473.0,2022-05-02
1166,5,Operations,Associate,40366.80635538272,2021-03-25
1167,1,Sales,Associate,37750.0,2020-06-09
1168,3,Finance,Manager,49692.0,2021-01-02
1169,4,Human Resources,Manager,59758.390308591675,2022-01-26
1170,2,Marketing,Manager,59040.0,2020-11-09
1171,1,Sales,Executive,75188.0,2021-01-03
1172,4,Human Resources,Executive,77344.0,2021-02-09
1173,5,Operations,Associate,40516.0,2021-10-08
1174,2,Marketing,Associate,39737.42929100642,2022-01-17
1175,4,Human Resources,Associate,45654.0,2021-10-06
1176,1,Sales,Associate,40409.06051381489,2021-06-21
1177,5,Operations,Associate,41828.0,2020-05-23
1178,4,Human Resources,Associate,39548.0,2021-03-02
1179,5,Operations,Manager,73821.0,2021-01-16
1180,1,Sales,Executive,116485.21429852198,2020-07-15
1181,2,Marketing,Associate,32167.0,2020-06-14
1182,2,Marketing,Associate,44061.0,2020-08-23
1183,5,Operations,Manager,53815.0,2022-09-25
1184,5,Operations,Manager,52221.0,2021-04-30
1185,1,Sales,Manager,58701.0,2020-11-11
1186,1,Sales,Associate,34492.0,2021-10-31
1187,5,Operations,Manager,59326.31530065456,2021-04-12
1188,5,Operations,Executive,492646.0,2021-08-14
1189,4,Human Resources,Executive,65129.0,2022-02-19
1190,4,Human Resources,Manager,59758.390308591675,2021-06-16
1191,1,Sales,Manager,55819.0,2021-09-21
1192,2,Marketing,Associate,41403.0,2022-09-25
1193,1,Sales,Manager,48147.0,2020-08-01
1194,4,Human Resources,Associate,39287.0,2022-03-10
1195,4,Human Resources,Manager,59758.390308591675,2020-09-08
1196,3,Finance,Associate,41156.18296487692,2020-08-02
1197,1,Sales,Executive,116485.21429852198,2020-09-21
1198,5,Operations,Manager,78795.0,2021-07-03
1199,5,Operations,Associate,37280.0,2021-07-10
1200,2,Marketing,Executive,108332.7343298129,2021-05-26
1202,1,Sales,Associate,42073.0,2020-11-14
1203,2,Marketing,Associate,47435.0,2021-03-08
1204,3,Finance,Executive,103887.56450456612,2020-11-13
1205,4,Human Resources,Manager,75838.0,2022-06-23
1206,5,Operations,Executive,86402.0,2021-05-22
1207,2,Marketing,Executive,108332.7343298129,2020-06-19
1208,3,Finance,Executive,84354.0,2021-10-23
1209,3,Finance,Associate,34585.0,2020-12-10
1210,5,Operations,Manager,43887.0,2022-09-07
1211,2,Marketing,Manager,58070.0,2022-06-23
1212,5,Operations,Manager,56372.0,2021-01-10
1214,4,Human Resources,Manager,65990.0,2022-01-07
1215,3,Finance,Associate,41156.18296487692,2022-01-14
1216,1,Sales,Associate,38813.0,2022-01-30
1217,4,Human Resources,Associate,48464.0,2021-09-30
1218,3,Finance,Associate,38273.0,2021-06-22
1219,2,Marketing,Associate,36215.0,2020-06-05
1220,2,Marketing,Manager,72152.0,2022-10-29
1221,3,Finance,Executive,78177.0,2022-10-27
1222,2,Marketing,Executive,70499.0,2022-09-03
1224,5,Operations,Associate,34059.0,2022-03-28
1225,4,Human Resources,Executive,88108.0,2020-08-02
1226,2,Marketing,Associate,44576.0,2021-09-24
1227,1,Sales,Manager,59092.0,2021-10-16
1228,4,Human Resources,Executive,121462.44142024846,2021-03-21
1229,2,Marketing,Associate,34579.0,2022-09-21
1230,1,Sales,Associate,37094.0,2022-10-20
1231,2,Marketing,Associate,27832.0,2021-11-30
1232,1,Sales,Manager,57263.0,2021-08-27
1233,4,Human Resources,Manager,59758.390308591675,2021-08-14
1234,4,Human Resources,Executive,83806.0,2020-10-05
1235,5,Operations,Manager,43279.0,2021-03-28
1236,3,Finance,Manager,58008.88696278488,2022-12-26
1237,1,Sales,Associate,34158.0,2022-03-10
1238,3,Finance,Associate,45984.0,2021-02-14
1239,1,Sales,Associate,40409.06051381489,2021-07-31
1240,5,Operations,Manager,51015.0,2020-10-31
1241,1,Sales,Associate,34685.0,2021-01-14
1242,4,Human Resources,Associate,39589.53218248652,2020-06-13
1243,4,Human Resources,Manager,66697.0,2022-06-08
1244,3,Finance,Manager,55247.0,2020-10-26
1245,5,Operations,Executive,68693.0,2022-03-16
1246,1,Sales,Manager,47423.0,2022-06-23
1247,5,Operations,Associate,28782.0,2020-04-05
1248,1,Sales,Executive,79080.0,2022-09-16
1249,3,Finance,Associate,35415.0,2022-04-30
1250,5,Operations,Associate,39577.0,2020-07-08
1252,2,Marketing,Manager,60516.6848681298,2022-08-05
1253,5,Operations,Manager,59326.31530065456,2020-08-20
1254,5,Operations,Executive,88426.0,2022-12-17
1255,2,Marketing,Associate,28973.0,2022-04-21
1256,5,Operations,Executive,74499.0,2022-08-13
1257,2,Marketing,Manager,57941.0,2020-10-17
1258,4,Human Resources,Associate,32164.0,2022-10-26
1259,4,Human Resources,Executive,93831.0,2021-09-07
1260,4,Human Resources,Manager,51359.0,2020-12-16
1261,1,Sales,Associate,40113.0,2022-04-21
1262,5,Operations,Associate,45236.0,2020-06-25
1263,5,Operations,Executive,83430.0,2022-07-02
1264,2,Marketing,Executive,108332.7343298129,2022-11-18
1265,4,Human Resources,Associate,41383.0,2020-07-03
1266,1,Sales,Associate,38754.0,2021-05-15
1267,3,Finance,Manager,58008.88696278488,2021-08-30
1268,2,Marketing,Manager,55819.0,2022-01-21
1269,5,Operations,Manager,64164.0,2020-03-14
1270,1,Sales,Associate,37311.0,2020-06-19
1271,5,Operations,Executive,78025.0,2020-10-29
1272,5,Operations,Associate,35796.0,2022-01-14
1273,4,Human Resources,Associate,34067.0,2021-08-11
1274,4,Human Resources,Executive,61894.0,2022-04-20
1275,1,Sales,Executive,73592.0,2022-03-12
1276,1,Sales,Executive,85609.0,2020-07-26
1277,1,Sales,Executive,80351.0,2022-08-01
1278,3,Finance,Associate,41156.18296487692,2021-06-21
1279,2,Marketing,Associate,43469.0,2022-01-19
1280,3,Finance,Associate,42830.0,2021-10-28
1281,4,Human Resources,Manager,61672.0,2020-10-29
1282,1,Sales,Associate,47710.0,2020-05-31
1283,2,Marketing,Executive,89223.0,2022-01-26
1284,3,Finance,Associate,41714.0,2020-04-30
1285,4,Human Resources,Manager,59758.390308591675,2022-06-23
1286,2,Marketing,Associate,33945.0,2022-07-02
1287,2,Marketing,Manager,64208.0,2022-06-23
1288,5,Operations,Executive,83474.0,2021-08-02
1289,2,Marketing,Associate,44391.0,2022-01-08
1290,4,Human Resources,Manager,59758.390308591675,2022-09-17
1291,2,Marketing,Executive,81455.0,2022-05-29
1292,5,Operations,Manager,59231.0,2021-07-01
1293,2,Marketing,Associate,42802.0,2021-07-12
1294,4,Human Resources,Executive,76139.0,2020-08-12
1295,5,Operations,Associate,45002.0,2021-10-29
1296,4,Human Resources,Executive,87127.0,2021-07-22
1297,5,Operations,Associate,37526.0,2020-07-15
1298,3,Finance,Executive,80507.0,2020-08-22
1299,1,Sales,Manager,59571.91515860383,2021-03-31
1300,5,Operations,Executive,108747.97320453949,2020-09-09
1301,4,Human Resources,Manager,66807.0,2021-12-25
1302,1,Sales,Associate,40409.06051381489,2020-04-25
1303,5,Operations,Associate,38487.0,2020-10-05
1304,5,Operations,Executive,69401.0,2022-09-09
1305,2,Marketing,Associate,39737.42929100642,2021-07-16
1306,1,Sales,Associate,43264.0,2022-09-20
1307,2,Marketing,Executive,85124.0,2020-11-17
1308,4,Human Resources,Associate,39027.0,2022-04-10
1309,5,Operations,Manager,59326.31530065456,2022-03-08
1310,4,Human Resources,Manager,69904.0,2021-06-14
1311,3,Finance,Executive,86802.0,2020-06-16
1312,3,Finance,Manager,51944.0,2021-06-04
1313,1,Sales,Executive,77960.0,2021-06-16
1314,3,Finance,Executive,103887.56450456612,2021-02-01
1315,1,Sales,Manager,61288.0,2022-02-17
1316,4,Human Resources,Manager,57133.0,2020-07-16
1317,5,Operations,Manager,63152.0,2022-08-05
1318,1,Sales,Executive,86618.0,2021-02-13
1319,4,Human Resources,Manager,61048.0,2020-09-03
1320,5,Operations,Manager,69018.0,2021-08-05
1321,4,Human Resources,Executive,83138.0,2021-08-23
1322,5,Operations,Associate,42392.0,2020-02-17
1323,4,Human Resources,Manager,59758.390308591675,2021-06-20
1324,4,Human Resources,Associate,40151.0,2021-08-06
1325,5,Operations,Executive,81220.0,2021-07-30
1326,1,Sales,Associate,41279.0,2022-01-18
1327,4,Human Resources,Associate,35525.0,2022-04-21
1328,5,Operations,Manager,55483.0,2022-03-03
1329,1,Sales,Associate,32435.0,2020-08-18
1330,5,Operations,Associate,30115.0,2020-02-29
1331,5,Operations,Associate,41910.0,2022-01-15
1332,3,Finance,Associate,38299.0,2020-03-18
1333,5,Operations,Associate,31896.0,2022-05-27
1334,3,Finance,Associate,41156.18296487692,2021-07-31
1335,4,Human Resources,Associate,37656.0,2021-12-23
1336,2,Marketing,Manager,55674.0,2022-04-07
1337,1,Sales,Associate,33906.0,2022-03-01
1338,4,Human Resources,Associate,39589.53218248652,2021-06-24
1339,4,Human Resources,Executive,82273.0,2020-06-22
1340,4,Human Resources,Manager,64746.0,2020-11-21
1341,4,Human Resources,Associate,39589.53218248652,2021-12-11
1342,3,Finance,Associate,44170.0,2021-06-13
1343,4,Human Resources,Manager,59758.390308591675,2022-10-13
1344,5,Operations,Associate,42755.0,2021-09-26
1345,3,Finance,Associate,46694.0,2020-07-09
