EmployeeID,DepartmentID,DepartmentName,RoleName,AnnualSalary,HireDate
1,5,Operations,executive,71699,2022-12-31 00:00:00
2,1,Sales,,51213,2022-12-31 00:00:00
3,3,Finance,associate,44046,2022-12-30 00:00:00
4,2,Marketing,manager,50406,2022-12-30 00:00:00
5,2,Marketing,executive,77449,2022-12-30 00:00:00
6,3,Finance,associate,,2022-12-28 00:00:00
7,4,Human Resources,associate,,2022-12-31 00:00:00
8,5,Operations,Manager,62067,2022-12-28 00:00:00
9,3,Finance,,38095,2022-12-30 00:00:00
10,2,Marketing,Associate,51500,2022-12-29 00:00:00
11,2,Marketing,associate,46970,2022-12-27 00:00:00
12,3,Finance,manager,59909,2022-12-31 00:00:00
13,3,Finance,Associate,0,2022-12-22 00:00:00
14,3,Finance,executive,71103,2022-12-26 00:00:00
15,4,Human Resources,manager,58199,2022-12-30 00:00:00
16,1,Sales,manager,50893,2022-12-27 00:00:00
17,5,Operations,Manager,53781,2022-12-30 00:00:00
18,1,Sales,Associate,39096,2022-12-30 00:00:00
19,1,Sales,,42118,2022-12-22 00:00:00
20,5,Operations,Associate,35747,2022-12-27 00:00:00
21,2,Marketing,Executive,81474,2022-12-24 00:00:00
22,4,Human Resources,Executive,0,2022-12-20 00:00:00
23,5,Operations,manager,56249,2022-12-28 00:00:00
24,2,Marketing,manager,57618,
25,4,Human Resources,executive,80100,2022-12-24 00:00:00
26,1,Sales,executive,,2022-12-11 00:00:00
27,2,Marketing,Manager,49981,
28,1,Sales,executive,91290,2022-12-28 00:00:00
29,3,Finance,Manager,59569,2022-12-14 00:00:00
30,5,Operations,Associate,33223,2022-12-13 00:00:00
31,4,Human Resources,Manager,53589,2022-12-14 00:00:00
32,1,Sales,manager,59401,2022-12-30 00:00:00
33,3,Finance,,0,2022-12-29 00:00:00
34,4,Human Resources,,0,2022-12-22 00:00:00
35,4,Human Resources,manager,66070,2022-12-10 00:00:00
36,5,Operations,,42736,2022-12-30 00:00:00
37,2,Marketing,executive,0,2022-12-31 00:00:00
38,4,Human Resources,manager,0,2022-12-30 00:00:00
39,1,Sales,Associate,44116,2022-12-29 00:00:00
40,5,Operations,,,2022-12-16 00:00:00
41,2,Marketing,Manager,62130,2022-12-31 00:00:00
42,5,Operations,manager,54300,2022-12-27 00:00:00
43,5,Operations,,37176,2022-12-26 00:00:00
44,3,Finance,Manager,62355,2022-12-28 00:00:00
45,2,Marketing,Associate,0,2022-11-27 00:00:00
46,4,Human Resources,Manager,,2022-12-31 00:00:00
47,1,Sales,associate,51647,2022-12-31 00:00:00
48,3,Finance,executive,77805,2022-12-08 00:00:00
49,3,Finance,Manager,54574,2022-12-01 00:00:00
50,3,Finance,Executive,-99,2022-12-16 00:00:00
51,3,Finance,manager,55883,
52,3,Finance,associate,44430,2022-12-02 00:00:00
53,4,Human Resources,manager,71845,2022-11-27 00:00:00
54,4,Human Resources,manager,47430,2022-12-21 00:00:00
55,4,Human Resources,Associate,48091,2022-12-09 00:00:00
56,3,Finance,associate,47104,2022-12-26 00:00:00
57,5,Operations,Associate,37421,2022-12-08 00:00:00
58,3,Finance,executive,,2022-12-26 00:00:00
59,4,Human Resources,Executive,76070,2022-12-18 00:00:00
60,2,Marketing,Associate,36140,2022-12-14 00:00:00
61,2,Marketing,Manager,62548,2022-12-23 00:00:00
62,3,Finance,executive,56827,2022-11-29 00:00:00
63,3,Finance,Executive,76879,2022-11-25 00:00:00
64,4,Human Resources,Executive,70025,2022-12-21 00:00:00
65,4,Human Resources,,41843,2022-12-23 00:00:00
66,5,Operations,Associate,33592,2022-11-30 00:00:00
67,5,Operations,manager,63640,2022-12-09 00:00:00
68,2,Marketing,Executive,95132,2022-11-07 00:00:00
69,4,Human Resources,manager,55220,2022-11-16 00:00:00
70,2,Marketing,Manager,63898,2022-11-15 00:00:00
71,5,Operations,Executive,62199,2022-12-13 00:00:00
72,3,Finance,executive,86609,2022-11-29 00:00:00
73,2,Marketing,Executive,0,2022-11-29 00:00:00
74,4,Human Resources,manager,69699,2022-11-02 00:00:00
75,1,Sales,,,2022-11-13 00:00:00
76,2,Marketing,Executive,,
77,5,Operations,CEO,522179,2022-11-18 00:00:00
78,4,Human Resources,associate,42164,2022-12-29 00:00:00
79,3,Finance,executive,89685,2022-12-17 00:00:00
80,4,Human Resources,Associate,45665,2022-12-19 00:00:00
81,2,Marketing,Associate,35666,2022-11-02 00:00:00
82,5,Operations,Manager,53780,2022-12-06 00:00:00
83,2,Marketing,Executive,86558,2022-11-16 00:00:00
84,1,Sales,Manager,56120,2022-12-18 00:00:00
85,2,Marketing,executive,74689,2022-11-16 00:00:00
86,1,Sales,,37934,
87,1,Sales,CEO,491751,2022-12-17 00:00:00
88,2,Marketing,Manager,57652,2022-11-03 00:00:00
89,1,Sales,Associate,30867,2022-11-27 00:00:00
90,5,Operations,,33990,
91,1,Sales,associate,41823,2022-12-01 00:00:00
92,2,Marketing,,0,2022-11-26 00:00:00
93,2,Marketing,executive,85834,2022-11-11 00:00:00
94,1,Sales,Executive,71012,2022-10-26 00:00:00
95,4,Human Resources,associate,33574,
96,1,Sales,Manager,65441,2022-10-28 00:00:00
97,3,Finance,associate,49068,
98,1,Sales,CEO,509552,2022-12-28 00:00:00
99,5,Operations,Associate,46447,2022-12-02 00:00:00
100,1,Sales,CEO,501172,2022-10-24 00:00:00
101,1,Sales,Executive,85504,2022-11-11 00:00:00
102,4,Human Resources,manager,58149,2022-10-17 00:00:00
103,2,Marketing,manager,60904,2022-10-26 00:00:00
104,1,Sales,associate,46567,2022-12-17 00:00:00
105,3,Finance,manager,59730,2022-10-08 00:00:00
106,1,Sales,executive,81708,2022-10-22 00:00:00
107,3,Finance,Executive,57923,2022-10-11 00:00:00
108,4,Human Resources,Manager,,2022-12-28 00:00:00
109,1,Sales,Associate,37673,2022-11-07 00:00:00
110,5,Operations,executive,76922,2022-11-01 00:00:00
111,5,Operations,Associate,,
112,3,Finance,executive,0,2022-12-27 00:00:00
113,3,Finance,associate,40322,2022-11-20 00:00:00
114,4,Human Resources,Manager,60929,2022-10-28 00:00:00
115,3,Finance,executive,,2022-12-24 00:00:00
116,3,Finance,executive,76959,2022-12-12 00:00:00
117,3,Finance,Manager,61255,2022-11-17 00:00:00
118,5,Operations,executive,76121,2022-10-20 00:00:00
119,2,Marketing,Associate,38639,2022-10-27 00:00:00
120,1,Sales,manager,0,2022-11-11 00:00:00
121,1,Sales,associate,38849,
122,2,Marketing,,36329,2022-10-09 00:00:00
123,2,Marketing,Associate,37596,2022-12-04 00:00:00
124,4,Human Resources,manager,0,
125,2,Marketing,associate,33945,2022-10-07 00:00:00
126,1,Sales,Manager,52649,2022-11-15 00:00:00
127,2,Marketing,,36141,2022-12-04 00:00:00
128,3,Finance,associate,37252,2022-11-28 00:00:00
129,4,Human Resources,Manager,62156,2022-12-10 00:00:00
130,3,Finance,associate,42514,2022-11-17 00:00:00
131,2,Marketing,executive,89880,2022-09-27 00:00:00
132,5,Operations,Manager,43307,
133,5,Operations,executive,82077,2022-12-11 00:00:00
134,3,Finance,,41552,2022-11-26 00:00:00
135,5,Operations,executive,77718,2022-10-31 00:00:00
136,5,Operations,Manager,,2022-10-14 00:00:00
137,3,Finance,executive,88511,2022-09-23 00:00:00
138,4,Human Resources,Manager,,2022-10-27 00:00:00
139,2,Marketing,Associate,38030,2022-09-29 00:00:00
140,5,Operations,Manager,63859,2022-11-06 00:00:00
141,5,Operations,associate,35968,2022-10-09 00:00:00
142,5,Operations,,43021,2022-11-28 00:00:00
143,3,Finance,Associate,43090,2022-10-30 00:00:00
144,5,Operations,executive,88434,2022-09-19 00:00:00
145,4,Human Resources,executive,74168,2022-12-20 00:00:00
146,3,Finance,associate,44614,2022-12-02 00:00:00
147,2,Marketing,Manager,,2022-11-30 00:00:00
148,4,Human Resources,manager,63286,2022-10-21 00:00:00
149,4,Human Resources,manager,61942,2022-12-09 00:00:00
150,3,Finance,Manager,59276,2022-12-15 00:00:00
151,2,Marketing,associate,-99,2022-11-28 00:00:00
152,2,Marketing,executive,79615,2022-11-17 00:00:00
153,1,Sales,Manager,64471,2022-09-26 00:00:00
154,5,Operations,Associate,51620,2022-10-29 00:00:00
155,4,Human Resources,Associate,38842,2022-10-14 00:00:00
156,4,Human Resources,Manager,47015,2022-10-29 00:00:00
157,5,Operations,Manager,73771,2022-09-20 00:00:00
158,5,Operations,Associate,44025,2022-09-18 00:00:00
159,4,Human Resources,,36615,2022-11-10 00:00:00
160,5,Operations,Executive,91176,2022-10-20 00:00:00
161,2,Marketing,Executive,71469,2022-12-23 00:00:00
162,2,Marketing,manager,59345,2022-10-13 00:00:00
163,3,Finance,executive,79068,2022-09-17 00:00:00
164,1,Sales,associate,46941,2022-12-21 00:00:00
165,1,Sales,Manager,0,2022-12-27 00:00:00
166,2,Marketing,executive,70755,
167,1,Sales,manager,0,2022-08-27 00:00:00
168,1,Sales,Executive,78570,2022-11-06 00:00:00
169,5,Operations,associate,43066,2022-11-16 00:00:00
170,3,Finance,Manager,58926,2022-12-27 00:00:00
171,2,Marketing,executive,80068,2022-09-11 00:00:00
172,5,Operations,executive,77998,2022-11-10 00:00:00
173,2,Marketing,,42473,2022-11-20 00:00:00
174,1,Sales,,40712,
175,4,Human Resources,,,2022-11-26 00:00:00
176,1,Sales,Associate,44383,2022-11-02 00:00:00
177,1,Sales,Manager,,2022-10-07 00:00:00
178,1,Sales,Executive,91638,2022-10-19 00:00:00
179,1,Sales,Manager,0,2022-12-11 00:00:00
180,1,Sales,Executive,95368,2022-09-21 00:00:00
181,4,Human Resources,Executive,73546,2022-08-19 00:00:00
182,1,Sales,associate,36012,2022-11-27 00:00:00
183,2,Marketing,executive,,2022-08-29 00:00:00
184,1,Sales,executive,82869,2022-11-29 00:00:00
185,5,Operations,Associate,,2022-10-21 00:00:00
186,2,Marketing,Associate,34606,
187,1,Sales,manager,65900,2022-10-30 00:00:00
188,1,Sales,associate,44191,2022-12-21 00:00:00
189,1,Sales,Associate,50166,2022-12-14 00:00:00
190,2,Marketing,Associate,36608,2022-09-23 00:00:00
191,2,Marketing,manager,58315,2022-08-16 00:00:00
192,2,Marketing,executive,82414,2022-11-23 00:00:00
193,2,Marketing,,44840,2022-09-28 00:00:00
194,2,Marketing,manager,60143,2022-09-05 00:00:00
195,1,Sales,,39685,2022-12-03 00:00:00
196,1,Sales,,44735,2022-11-06 00:00:00
197,3,Finance,manager,61804,2022-12-20 00:00:00
198,3,Finance,Executive,,2022-11-02 00:00:00
199,4,Human Resources,Manager,58868,2022-11-30 00:00:00
200,4,Human Resources,Manager,44305,2022-11-19 00:00:00
201,3,Finance,Manager,55093,2022-12-24 00:00:00
202,3,Finance,associate,48319,2022-10-06 00:00:00
203,3,Finance,Manager,59311,2022-09-06 00:00:00
204,5,Operations,manager,48678,2022-11-15 00:00:00
205,4,Human Resources,manager,60314,2022-11-03 00:00:00
206,3,Finance,associate,44598,2022-08-09 00:00:00
207,1,Sales,executive,0,2022-09-08 00:00:00
208,5,Operations,manager,64546,2022-10-15 00:00:00
209,4,Human Resources,executive,93215,2022-11-10 00:00:00
210,3,Finance,Associate,42150,2022-08-21 00:00:00
211,4,Human Resources,Executive,68306,2022-10-31 00:00:00
212,1,Sales,Associate,0,2022-10-22 00:00:00
213,4,Human Resources,Associate,47486,2022-11-15 00:00:00
214,2,Marketing,Associate,36574,2022-08-01 00:00:00
215,4,Human Resources,executive,78349,2022-09-30 00:00:00
216,4,Human Resources,manager,65923,2022-10-13 00:00:00
217,2,Marketing,manager,62617,2022-09-25 00:00:00
218,3,Finance,,34635,2022-12-08 00:00:00
219,2,Marketing,manager,62439,2022-08-31 00:00:00
220,1,Sales,Executive,79197,2022-08-12 00:00:00
221,1,Sales,associate,45579,2022-10-18 00:00:00
222,1,Sales,executive,67065,2022-08-22 00:00:00
223,5,Operations,executive,95032,2022-11-11 00:00:00
224,1,Sales,Manager,53855,2022-10-03 00:00:00
225,4,Human Resources,Executive,86026,2022-10-19 00:00:00
226,2,Marketing,executive,75140,2022-08-23 00:00:00
227,2,Marketing,Associate,42633,2022-12-25 00:00:00
228,4,Human Resources,manager,60149,2022-08-01 00:00:00
229,5,Operations,,44599,2022-08-08 00:00:00
230,5,Operations,Manager,53978,2022-12-29 00:00:00
231,2,Marketing,manager,,2022-11-18 00:00:00
232,5,Operations,Executive,84447,2022-11-18 00:00:00
233,3,Finance,Executive,,2022-09-22 00:00:00
234,5,Operations,Associate,41455,2022-12-31 00:00:00
235,5,Operations,Manager,59857,2022-12-01 00:00:00
236,1,Sales,manager,62300,2022-07-18 00:00:00
237,5,Operations,associate,39252,2022-08-26 00:00:00
238,3,Finance,manager,0,2022-11-16 00:00:00
239,1,Sales,Executive,75177,2022-12-27 00:00:00
240,5,Operations,associate,39354,2022-07-12 00:00:00
241,5,Operations,associate,42984,2022-10-12 00:00:00
242,2,Marketing,manager,58427,2022-08-29 00:00:00
243,1,Sales,Executive,0,2022-12-06 00:00:00
244,4,Human Resources,manager,42085,2022-09-20 00:00:00
245,4,Human Resources,,32901,2022-09-15 00:00:00
246,1,Sales,associate,31695,2022-08-17 00:00:00
247,5,Operations,associate,40399,2022-07-15 00:00:00
248,2,Marketing,Executive,78363,2022-07-05 00:00:00
249,5,Operations,associate,52425,2022-10-31 00:00:00
250,1,Sales,,43684,2022-10-22 00:00:00
251,2,Marketing,Manager,,2022-09-19 00:00:00
252,2,Marketing,executive,86192,2022-07-08 00:00:00
253,4,Human Resources,Associate,40120,2022-06-19 00:00:00
254,5,Operations,Executive,67871,2022-07-26 00:00:00
255,4,Human Resources,associate,40153,2022-12-31 00:00:00
256,5,Operations,,38040,2022-11-09 00:00:00
257,1,Sales,Manager,60606,2022-12-09 00:00:00
258,4,Human Resources,,43412,2022-11-04 00:00:00
259,3,Finance,Executive,62012,2022-06-10 00:00:00
260,5,Operations,Executive,64328,2022-06-18 00:00:00
261,5,Operations,manager,48973,
262,3,Finance,executive,65632,2022-10-20 00:00:00
263,4,Human Resources,Manager,64373,2022-09-03 00:00:00
264,4,Human Resources,executive,63422,2022-11-03 00:00:00
265,2,Marketing,Associate,53043,2022-06-17 00:00:00
266,2,Marketing,Associate,33936,2022-06-14 00:00:00
267,2,Marketing,manager,55956,2022-08-31 00:00:00
268,1,Sales,Manager,60059,2022-09-04 00:00:00
269,5,Operations,manager,51538,2022-07-20 00:00:00
270,3,Finance,executive,85038,2022-11-29 00:00:00
271,4,Human Resources,,,2022-06-26 00:00:00
272,4,Human Resources,manager,58128,2022-08-27 00:00:00
273,3,Finance,Executive,84230,2022-11-09 00:00:00
274,2,Marketing,associate,0,2022-11-06 00:00:00
275,1,Sales,Manager,67646,2022-11-02 00:00:00
276,5,Operations,,37819,2022-06-26 00:00:00
277,1,Sales,associate,,2022-12-31 00:00:00
278,4,Human Resources,Manager,54423,2022-07-11 00:00:00
279,3,Finance,Manager,52179,
280,2,Marketing,Executive,84857,2022-10-15 00:00:00
281,2,Marketing,Associate,37045,2022-10-30 00:00:00
282,1,Sales,Executive,68067,2022-08-01 00:00:00
283,1,Sales,executive,74376,2022-12-29 00:00:00
284,3,Finance,Manager,59132,2022-08-20 00:00:00
285,3,Finance,executive,60183,2022-10-16 00:00:00
286,3,Finance,manager,53985,2022-10-27 00:00:00
287,2,Marketing,CEO,509423,2022-10-19 00:00:00
288,5,Operations,manager,65695,2022-11-30 00:00:00
289,1,Sales,executive,0,2022-06-05 00:00:00
290,3,Finance,CEO,495437,2022-07-16 00:00:00
291,2,Marketing,executive,80810,2022-05-29 00:00:00
292,4,Human Resources,Manager,65717,2022-09-18 00:00:00
293,2,Marketing,associate,41117,2022-08-08 00:00:00
294,1,Sales,Executive,,2022-05-21 00:00:00
295,3,Finance,manager,60795,2022-07-13 00:00:00
296,4,Human Resources,,37063,2022-10-12 00:00:00
297,5,Operations,Executive,78025,2022-09-08 00:00:00
298,5,Operations,Executive,80111,2022-09-16 00:00:00
299,2,Marketing,manager,62851,2022-05-10 00:00:00
300,3,Finance,Associate,40371,2022-11-20 00:00:00
301,3,Finance,Associate,31154,2022-12-24 00:00:00
302,5,Operations,associate,36273,2022-10-18 00:00:00
303,1,Sales,associate,39391,2022-11-29 00:00:00
304,1,Sales,,36370,2022-07-01 00:00:00
305,2,Marketing,Associate,34071,2022-08-23 00:00:00
306,2,Marketing,executive,77075,2022-12-05 00:00:00
307,3,Finance,Associate,42262,2022-06-09 00:00:00
308,1,Sales,Manager,63583,2022-10-16 00:00:00
309,4,Human Resources,associate,,2022-08-20 00:00:00
310,3,Finance,manager,59420,2022-12-09 00:00:00
311,3,Finance,Associate,35535,2022-06-20 00:00:00
312,1,Sales,Associate,42983,2022-12-14 00:00:00
313,2,Marketing,executive,76874,2022-06-03 00:00:00
314,2,Marketing,associate,,2022-11-01 00:00:00
315,4,Human Resources,Associate,,2022-06-21 00:00:00
316,1,Sales,manager,0,2022-11-15 00:00:00
317,3,Finance,manager,55221,2022-06-09 00:00:00
318,5,Operations,CEO,515643,2022-07-10 00:00:00
319,3,Finance,Manager,56863,2022-07-11 00:00:00
320,4,Human Resources,,43436,2022-07-26 00:00:00
321,5,Operations,Executive,91145,2022-10-29 00:00:00
322,3,Finance,manager,60516,2022-06-21 00:00:00
323,1,Sales,Manager,66617,2022-10-20 00:00:00
324,5,Operations,Associate,51082,2022-08-14 00:00:00
325,3,Finance,manager,55567,2022-05-19 00:00:00
326,4,Human Resources,Executive,88570,2022-09-01 00:00:00
327,1,Sales,Manager,56577,2022-06-06 00:00:00
328,2,Marketing,manager,66107,2022-10-23 00:00:00
329,1,Sales,,37981,2022-06-13 00:00:00
330,4,Human Resources,Manager,56385,2022-12-29 00:00:00
331,1,Sales,executive,86448,2022-11-26 00:00:00
332,2,Marketing,executive,89115,2022-10-02 00:00:00
333,1,Sales,Associate,36555,2022-06-25 00:00:00
334,5,Operations,manager,63622,2022-12-25 00:00:00
335,4,Human Resources,executive,78127,2022-10-01 00:00:00
336,2,Marketing,Manager,57774,2022-06-18 00:00:00
337,1,Sales,Manager,43955,
338,3,Finance,Associate,35707,2022-06-09 00:00:00
339,3,Finance,,37737,
340,4,Human Resources,,39341,2022-12-13 00:00:00
341,2,Marketing,,38901,2022-10-28 00:00:00
342,2,Marketing,Executive,81529,2022-05-12 00:00:00
343,3,Finance,,0,2022-07-18 00:00:00
344,5,Operations,executive,97966,2022-11-27 00:00:00
345,4,Human Resources,Associate,40782,2022-05-16 00:00:00
346,3,Finance,executive,79812,2022-12-07 00:00:00
347,4,Human Resources,manager,62985,2022-06-14 00:00:00
348,2,Marketing,associate,40596,2022-04-13 00:00:00
349,4,Human Resources,Associate,41109,2022-05-31 00:00:00
350,2,Marketing,,44232,2022-03-31 00:00:00
351,5,Operations,Executive,80245,2022-05-20 00:00:00
352,4,Human Resources,Associate,44351,2022-08-24 00:00:00
353,5,Operations,Manager,69129,2022-09-25 00:00:00
354,2,Marketing,,34170,2022-08-20 00:00:00
355,1,Sales,Associate,34034,2022-07-06 00:00:00
356,1,Sales,,,2022-06-24 00:00:00
357,2,Marketing,Executive,101959,
358,5,Operations,Manager,63374,2022-08-22 00:00:00
359,1,Sales,manager,54053,2022-04-30 00:00:00
360,3,Finance,Manager,61486,2022-05-31 00:00:00
361,3,Finance,,42577,2022-05-08 00:00:00
362,4,Human Resources,Associate,,2022-06-13 00:00:00
363,1,Sales,Associate,42250,2022-05-30 00:00:00
364,1,Sales,executive,84350,2022-05-25 00:00:00
365,4,Human Resources,executive,67696,2022-09-16 00:00:00
366,3,Finance,executive,86846,2022-11-24 00:00:00
367,5,Operations,associate,43989,2022-09-04 00:00:00
368,5,Operations,Executive,63746,2022-11-28 00:00:00
369,5,Operations,manager,68880,2022-10-19 00:00:00
370,2,Marketing,Manager,,2022-04-29 00:00:00
371,4,Human Resources,Manager,69536,2022-11-27 00:00:00
372,5,Operations,Associate,35126,2022-08-08 00:00:00
373,1,Sales,executive,81846,2022-12-19 00:00:00
374,3,Finance,executive,0,2022-03-11 00:00:00
375,2,Marketing,Executive,89903,2022-12-02 00:00:00
376,4,Human Resources,executive,0,2022-10-25 00:00:00
377,3,Finance,executive,77836,2022-06-10 00:00:00
378,2,Marketing,associate,37599,2022-08-18 00:00:00
379,5,Operations,,33158,2022-11-27 00:00:00
380,3,Finance,Executive,76835,2022-08-12 00:00:00
381,3,Finance,Executive,,2022-10-13 00:00:00
382,1,Sales,Associate,0,
383,5,Operations,Manager,62217,2022-06-19 00:00:00
384,4,Human Resources,,0,
385,3,Finance,Executive,89610,
386,3,Finance,Executive,85943,2022-07-31 00:00:00
387,1,Sales,executive,82583,2022-11-28 00:00:00
388,5,Operations,Executive,72294,2022-09-24 00:00:00
389,5,Operations,associate,,2022-12-29 00:00:00
390,4,Human Resources,Executive,77165,2022-03-03 00:00:00
391,2,Marketing,associate,40691,2022-12-03 00:00:00
392,2,Marketing,associate,0,2022-09-06 00:00:00
393,5,Operations,executive,,2022-03-10 00:00:00
394,2,Marketing,Associate,47219,2022-12-01 00:00:00
395,2,Marketing,Associate,0,
396,5,Operations,executive,70314,2022-06-02 00:00:00
397,1,Sales,Associate,38794,2022-04-15 00:00:00
398,2,Marketing,Associate,37150,2022-12-13 00:00:00
399,1,Sales,executive,87725,2022-03-02 00:00:00
400,4,Human Resources,Manager,61878,2022-03-05 00:00:00
401,3,Finance,Manager,57605,2022-03-23 00:00:00
402,3,Finance,CEO,506522,2022-09-08 00:00:00
403,3,Finance,executive,77180,2022-11-10 00:00:00
404,1,Sales,associate,48077,2022-08-09 00:00:00
405,1,Sales,Executive,72806,2022-04-18 00:00:00
406,1,Sales,manager,64187,2022-12-15 00:00:00
407,1,Sales,,47216,
408,4,Human Resources,Associate,49356,2022-10-16 00:00:00
409,5,Operations,Executive,79966,2022-07-23 00:00:00
410,5,Operations,manager,49559,2022-12-14 00:00:00
411,3,Finance,Associate,38391,2022-11-17 00:00:00
412,3,Finance,Associate,33967,2022-09-12 00:00:00
413,1,Sales,Executive,0,2022-05-13 00:00:00
414,2,Marketing,manager,73181,2022-11-30 00:00:00
415,5,Operations,Executive,86883,2022-02-08 00:00:00
416,2,Marketing,,45004,2022-07-24 00:00:00
417,2,Marketing,manager,49920,2022-11-20 00:00:00
418,5,Operations,executive,84711,2022-04-14 00:00:00
419,2,Marketing,executive,0,2022-05-31 00:00:00
420,4,Human Resources,executive,81634,2022-09-24 00:00:00
421,3,Finance,Executive,65371,2022-08-28 00:00:00
422,3,Finance,Executive,83004,2022-08-20 00:00:00
423,2,Marketing,associate,39220,2022-10-16 00:00:00
424,2,Marketing,Associate,,2022-01-29 00:00:00
425,4,Human Resources,associate,42474,2022-03-19 00:00:00
426,4,Human Resources,executive,,2022-12-13 00:00:00
427,2,Marketing,manager,52171,2022-09-07 00:00:00
428,1,Sales,manager,,2022-05-10 00:00:00
429,3,Finance,Associate,40998,2022-07-06 00:00:00
430,2,Marketing,associate,35419,2022-02-04 00:00:00
431,1,Sales,Executive,89868,2022-05-17 00:00:00
432,3,Finance,Manager,,2022-12-03 00:00:00
433,4,Human Resources,executive,75989,2022-04-09 00:00:00
434,3,Finance,Manager,66804,2022-06-20 00:00:00
435,1,Sales,manager,,2022-09-15 00:00:00
436,5,Operations,Executive,,2022-10-22 00:00:00
437,1,Sales,executive,71347,2022-05-28 00:00:00
438,5,Operations,Associate,35719,2022-10-20 00:00:00
439,5,Operations,executive,83878,2022-05-05 00:00:00
440,1,Sales,Associate,52213,2022-02-20 00:00:00
441,3,Finance,executive,94567,
442,3,Finance,Manager,60043,2022-10-29 00:00:00
443,4,Human Resources,,43818,2022-02-03 00:00:00
444,2,Marketing,,32775,2022-09-03 00:00:00
445,3,Finance,,36834,2022-03-30 00:00:00
446,2,Marketing,Manager,57181,2022-09-10 00:00:00
447,5,Operations,,51209,2022-06-20 00:00:00
448,3,Finance,executive,84399,2022-10-09 00:00:00
449,5,Operations,,46650,2022-02-09 00:00:00
450,3,Finance,Executive,81637,2022-07-28 00:00:00
451,1,Sales,Manager,0,2022-01-26 00:00:00
452,5,Operations,,41039,2022-06-16 00:00:00
453,1,Sales,Associate,,2022-10-29 00:00:00
454,4,Human Resources,Executive,74384,2022-08-18 00:00:00
455,1,Sales,Manager,55515,2022-11-10 00:00:00
456,5,Operations,executive,,2022-05-23 00:00:00
457,4,Human Resources,associate,43833,2022-10-12 00:00:00
458,3,Finance,associate,33170,2022-05-06 00:00:00
459,3,Finance,Executive,79873,2022-05-03 00:00:00
460,3,Finance,Executive,82022,2022-11-20 00:00:00
461,5,Operations,CEO,494361,2022-07-05 00:00:00
462,2,Marketing,,47861,
463,1,Sales,Executive,68651,2021-12-30 00:00:00
464,3,Finance,associate,36967,2022-05-23 00:00:00
465,1,Sales,,43658,2022-10-20 00:00:00
466,5,Operations,,45527,2022-02-22 00:00:00
467,5,Operations,Associate,36249,2022-01-12 00:00:00
468,1,Sales,associate,45463,2022-05-16 00:00:00
469,3,Finance,Executive,90660,2022-01-13 00:00:00
470,4,Human Resources,Associate,40331,2022-04-22 00:00:00
471,3,Finance,associate,41307,2022-10-28 00:00:00
472,4,Human Resources,manager,53626,2022-06-05 00:00:00
473,5,Operations,Manager,55265,2022-11-21 00:00:00
474,5,Operations,Manager,0,2022-09-12 00:00:00
475,1,Sales,,40592,2022-08-29 00:00:00
476,5,Operations,executive,73850,2022-08-06 00:00:00
477,2,Marketing,,41752,2022-12-10 00:00:00
478,5,Operations,,35689,
479,2,Marketing,Associate,49906,2022-12-17 00:00:00
480,1,Sales,Manager,52239,2022-11-09 00:00:00
481,1,Sales,Manager,72416,2022-05-15 00:00:00
482,5,Operations,Manager,58643,2022-09-11 00:00:00
483,5,Operations,Executive,79286,2022-10-01 00:00:00
484,5,Operations,executive,93037,2022-09-28 00:00:00
485,3,Finance,executive,70642,2022-08-23 00:00:00
486,2,Marketing,Associate,42106,2022-09-02 00:00:00
487,2,Marketing,CEO,509335,2022-11-03 00:00:00
488,4,Human Resources,Executive,76194,2022-11-16 00:00:00
489,3,Finance,manager,72052,2022-01-15 00:00:00
490,3,Finance,Manager,54069,2022-12-15 00:00:00
491,1,Sales,associate,40693,2022-03-24 00:00:00
492,2,Marketing,executive,,
493,5,Operations,executive,,2022-07-05 00:00:00
494,4,Human Resources,CEO,521415,2022-06-19 00:00:00
495,3,Finance,Manager,55676,2022-07-23 00:00:00
496,4,Human Resources,Associate,38800,2022-09-04 00:00:00
497,5,Operations,associate,35076,2022-05-09 00:00:00
498,5,Operations,executive,88421,2022-08-18 00:00:00
499,3,Finance,Associate,0,2022-02-05 00:00:00
500,3,Finance,,46725,2022-11-15 00:00:00
501,5,Operations,Associate,45771,2022-07-23 00:00:00
502,2,Marketing,manager,68495,2022-01-02 00:00:00
503,5,Operations,manager,56963,2022-12-18 00:00:00
504,2,Marketing,Manager,52114,2022-02-15 00:00:00
505,5,Operations,associate,46187,2022-01-16 00:00:00
506,1,Sales,manager,0,2022-10-28 00:00:00
507,2,Marketing,Manager,54127,2022-12-23 00:00:00
508,4,Human Resources,,0,2021-12-05 00:00:00
509,5,Operations,manager,64282,2022-05-17 00:00:00
510,1,Sales,Manager,59989,2022-11-01 00:00:00
511,4,Human Resources,,0,2022-12-02 00:00:00
512,1,Sales,manager,50401,2022-10-20 00:00:00
513,4,Human Resources,,31058,2022-12-10 00:00:00
514,1,Sales,,37252,2022-10-01 00:00:00
515,3,Finance,Executive,81008,2022-03-04 00:00:00
516,3,Finance,Executive,76984,2021-12-27 00:00:00
517,3,Finance,associate,,2022-02-21 00:00:00
518,5,Operations,manager,57551,2021-11-17 00:00:00
519,2,Marketing,,40705,2022-03-16 00:00:00
520,5,Operations,,46781,2022-10-26 00:00:00
521,5,Operations,,34755,2022-06-14 00:00:00
522,1,Sales,Executive,88656,2021-11-12 00:00:00
523,2,Marketing,manager,60125,
524,1,Sales,Executive,88223,2022-03-03 00:00:00
525,2,Marketing,Executive,86635,2022-05-29 00:00:00
526,4,Human Resources,,45118,2022-11-04 00:00:00
527,2,Marketing,,29368,2022-04-19 00:00:00
528,4,Human Resources,Executive,0,2022-03-24 00:00:00
529,2,Marketing,Executive,71624,2021-12-15 00:00:00
530,1,Sales,Manager,56923,2022-11-21 00:00:00
531,5,Operations,manager,72090,2022-08-30 00:00:00
532,4,Human Resources,,41504,2022-10-27 00:00:00
533,2,Marketing,,48751,2022-10-18 00:00:00
534,3,Finance,Associate,30461,2022-12-31 00:00:00
535,3,Finance,associate,41118,2022-08-24 00:00:00
536,3,Finance,Executive,0,2022-03-27 00:00:00
537,2,Marketing,associate,36871,2022-04-06 00:00:00
538,3,Finance,Associate,37753,2022-04-30 00:00:00
539,1,Sales,Manager,67013,2022-04-27 00:00:00
540,4,Human Resources,executive,76075,2021-10-20 00:00:00
541,2,Marketing,associate,44642,2022-06-26 00:00:00
542,2,Marketing,Associate,,2022-09-26 00:00:00
543,5,Operations,Executive,82890,2022-06-12 00:00:00
544,4,Human Resources,Manager,50557,2022-11-02 00:00:00
545,5,Operations,,49722,2022-11-12 00:00:00
546,5,Operations,Associate,41735,2022-05-12 00:00:00
547,2,Marketing,,41309,2022-04-09 00:00:00
548,1,Sales,Executive,79864,2022-09-29 00:00:00
549,1,Sales,Executive,67744,2021-10-31 00:00:00
550,3,Finance,executive,90847,2022-12-04 00:00:00
551,4,Human Resources,executive,,2022-12-27 00:00:00
552,4,Human Resources,executive,0,2022-04-09 00:00:00
553,2,Marketing,,54476,2022-10-07 00:00:00
554,2,Marketing,Executive,0,2022-09-30 00:00:00
555,4,Human Resources,manager,66218,2022-11-25 00:00:00
556,3,Finance,associate,35419,2022-06-02 00:00:00
557,1,Sales,,41773,2021-11-09 00:00:00
558,2,Marketing,manager,75700,2021-12-17 00:00:00
559,4,Human Resources,associate,35017,2022-06-11 00:00:00
560,1,Sales,associate,,
561,4,Human Resources,CEO,485945,2021-11-09 00:00:00
562,5,Operations,executive,81603,2022-12-11 00:00:00
563,5,Operations,manager,55997,2022-06-23 00:00:00
564,1,Sales,manager,0,2022-06-06 00:00:00
565,4,Human Resources,manager,63049,2022-05-19 00:00:00
566,5,Operations,executive,,
567,5,Operations,,50415,2022-10-26 00:00:00
568,4,Human Resources,associate,40801,2022-05-02 00:00:00
569,5,Operations,manager,74107,2021-10-17 00:00:00
570,1,Sales,Executive,71421,2022-07-01 00:00:00
571,5,Operations,associate,40375,2022-09-25 00:00:00
572,5,Operations,,43054,2021-12-18 00:00:00
573,5,Operations,,,2022-09-22 00:00:00
574,2,Marketing,,40050,2022-05-19 00:00:00
575,4,Human Resources,associate,37876,2022-01-05 00:00:00
576,5,Operations,Associate,47837,2022-02-04 00:00:00
577,5,Operations,Executive,83248,2021-11-05 00:00:00
578,2,Marketing,Associate,48465,2021-09-24 00:00:00
579,2,Marketing,manager,59607,2022-09-07 00:00:00
580,3,Finance,,40223,2022-07-23 00:00:00
581,2,Marketing,associate,50765,2022-04-21 00:00:00
582,5,Operations,,48198,2021-11-29 00:00:00
583,3,Finance,Executive,,2022-10-06 00:00:00
584,3,Finance,manager,54710,2022-05-14 00:00:00
585,2,Marketing,Executive,75415,2022-05-25 00:00:00
586,4,Human Resources,executive,71118,2022-01-29 00:00:00
587,5,Operations,executive,68637,2022-06-09 00:00:00
588,1,Sales,executive,0,2022-11-22 00:00:00
589,4,Human Resources,associate,41496,2022-06-19 00:00:00
590,1,Sales,Manager,70551,2022-11-06 00:00:00
591,4,Human Resources,CEO,499603,2022-02-05 00:00:00
592,5,Operations,Associate,35373,2022-06-13 00:00:00
593,4,Human Resources,executive,63617,2022-07-16 00:00:00
594,3,Finance,Associate,38860,2022-03-08 00:00:00
595,4,Human Resources,executive,74710,2021-09-20 00:00:00
596,4,Human Resources,Manager,61857,2022-08-05 00:00:00
597,1,Sales,Executive,85931,
598,3,Finance,executive,79230,2022-11-19 00:00:00
599,4,Human Resources,,37404,2021-10-03 00:00:00
600,1,Sales,Associate,40925,
601,2,Marketing,,40535,2022-06-15 00:00:00
602,5,Operations,executive,83175,2022-12-11 00:00:00
603,5,Operations,Associate,46796,2022-06-22 00:00:00
604,3,Finance,,39408,2022-02-11 00:00:00
605,3,Finance,Associate,34891,2022-11-12 00:00:00
606,1,Sales,associate,39384,2022-12-01 00:00:00
607,4,Human Resources,Associate,,2022-02-18 00:00:00
608,3,Finance,Associate,0,2021-09-11 00:00:00
609,2,Marketing,manager,69452,2022-06-13 00:00:00
610,1,Sales,Executive,76363,2022-03-25 00:00:00
611,3,Finance,manager,48291,2022-03-22 00:00:00
612,3,Finance,executive,70463,2022-10-10 00:00:00
613,2,Marketing,associate,40911,2022-03-13 00:00:00
614,4,Human Resources,manager,61053,2022-05-01 00:00:00
615,5,Operations,Executive,82138,2021-11-02 00:00:00
616,1,Sales,Executive,71915,2022-11-12 00:00:00
617,4,Human Resources,Executive,82545,2022-11-19 00:00:00
618,3,Finance,executive,0,2022-07-28 00:00:00
619,3,Finance,Associate,39100,2022-10-19 00:00:00
620,4,Human Resources,Associate,,2021-08-17 00:00:00
621,2,Marketing,associate,42046,2021-11-21 00:00:00
622,1,Sales,Manager,60831,2022-12-07 00:00:00
623,3,Finance,Manager,62040,2021-10-13 00:00:00
624,4,Human Resources,Executive,77709,2022-02-22 00:00:00
625,2,Marketing,manager,55348,2022-08-18 00:00:00
626,1,Sales,associate,44623,2022-01-02 00:00:00
627,1,Sales,Manager,57373,2022-09-16 00:00:00
628,3,Finance,Associate,42442,2021-09-04 00:00:00
629,2,Marketing,Associate,39605,2022-07-16 00:00:00
630,3,Finance,executive,0,2022-04-04 00:00:00
631,3,Finance,executive,82699,2022-03-29 00:00:00
632,4,Human Resources,Executive,83743,2022-02-07 00:00:00
633,4,Human Resources,CEO,489063,2022-07-26 00:00:00
634,1,Sales,executive,85460,2022-03-02 00:00:00
635,1,Sales,manager,69218,2022-03-09 00:00:00
636,5,Operations,manager,58707,2021-09-20 00:00:00
637,1,Sales,associate,0,2022-02-09 00:00:00
638,4,Human Resources,Associate,34336,2022-03-24 00:00:00
639,5,Operations,executive,0,2022-02-15 00:00:00
640,5,Operations,Manager,-99,2022-01-26 00:00:00
641,2,Marketing,executive,,2022-01-02 00:00:00
642,3,Finance,Executive,79364,2022-06-14 00:00:00
643,4,Human Resources,Manager,67700,2022-10-31 00:00:00
644,1,Sales,executive,79829,2021-09-18 00:00:00
645,1,Sales,Associate,39758,2022-06-11 00:00:00
646,3,Finance,associate,45274,2021-09-04 00:00:00
647,2,Marketing,Associate,44418,2021-11-08 00:00:00
648,3,Finance,associate,42760,2021-10-20 00:00:00
649,4,Human Resources,executive,73482,2021-12-21 00:00:00
650,4,Human Resources,,47813,2021-10-05 00:00:00
651,2,Marketing,Associate,36573,2021-09-07 00:00:00
652,3,Finance,Associate,49833,2022-02-17 00:00:00
653,4,Human Resources,,,2022-07-07 00:00:00
654,5,Operations,Manager,,
655,1,Sales,manager,54554,2022-03-13 00:00:00
656,1,Sales,,34265,2021-07-27 00:00:00
657,3,Finance,,37289,2021-10-11 00:00:00
658,1,Sales,CEO,504299,2022-02-23 00:00:00
659,3,Finance,Associate,41260,2021-11-14 00:00:00
660,5,Operations,manager,55458,2022-11-11 00:00:00
661,1,Sales,,38330,2021-09-04 00:00:00
662,3,Finance,associate,46489,2022-03-06 00:00:00
663,3,Finance,executive,77561,2021-12-09 00:00:00
664,4,Human Resources,,45853,2022-04-10 00:00:00
665,1,Sales,associate,,2021-11-29 00:00:00
666,5,Operations,Associate,38744,2022-10-25 00:00:00
667,4,Human Resources,,34028,2022-05-27 00:00:00
668,5,Operations,Executive,78182,2022-12-31 00:00:00
669,4,Human Resources,associate,-99,2022-11-03 00:00:00
670,2,Marketing,manager,,2022-12-03 00:00:00
671,1,Sales,Associate,41944,2022-07-03 00:00:00
672,1,Sales,Executive,83240,2021-09-15 00:00:00
673,3,Finance,Associate,37320,2022-03-06 00:00:00
674,2,Marketing,Executive,87718,2022-12-07 00:00:00
675,3,Finance,Associate,38960,2022-02-04 00:00:00
676,1,Sales,Manager,54321,2022-12-07 00:00:00
677,5,Operations,Executive,0,2022-01-06 00:00:00
678,5,Operations,Associate,39446,2021-09-12 00:00:00
679,3,Finance,manager,,2022-01-20 00:00:00
680,5,Operations,manager,,
681,2,Marketing,CEO,507545,2021-10-06 00:00:00
682,3,Finance,executive,,2021-07-12 00:00:00
683,1,Sales,Manager,66056,2022-04-24 00:00:00
684,1,Sales,Manager,67972,2021-08-28 00:00:00
685,2,Marketing,executive,0,2022-10-16 00:00:00
686,1,Sales,CEO,499558,2022-02-03 00:00:00
687,3,Finance,executive,99414,2022-08-22 00:00:00
688,1,Sales,Associate,42862,2022-08-23 00:00:00
689,3,Finance,associate,31655,2021-08-06 00:00:00
690,3,Finance,Associate,50118,2022-02-14 00:00:00
691,4,Human Resources,manager,57177,2022-11-17 00:00:00
692,2,Marketing,executive,84253,2021-10-14 00:00:00
693,5,Operations,Executive,81800,2021-12-18 00:00:00
694,1,Sales,Manager,60600,2022-04-24 00:00:00
695,4,Human Resources,associate,42673,
696,3,Finance,Associate,35300,2022-06-03 00:00:00
697,3,Finance,associate,40732,2022-06-23 00:00:00
698,1,Sales,,44281,2022-03-24 00:00:00
699,5,Operations,associate,36190,2022-12-20 00:00:00
700,5,Operations,,41067,2022-06-22 00:00:00
701,3,Finance,Associate,,2021-09-13 00:00:00
702,3,Finance,associate,40645,2021-06-26 00:00:00
703,2,Marketing,manager,63437,2021-12-16 00:00:00
704,1,Sales,Manager,54980,2021-11-06 00:00:00
705,4,Human Resources,Associate,41042,2021-11-28 00:00:00
706,4,Human Resources,manager,53716,2022-03-20 00:00:00
707,5,Operations,Manager,,2021-10-26 00:00:00
708,4,Human Resources,,,2022-08-21 00:00:00
709,1,Sales,,0,2021-11-14 00:00:00
710,5,Operations,,47513,
711,4,Human Resources,Associate,37863,2021-10-05 00:00:00
712,5,Operations,Associate,47714,
713,2,Marketing,Manager,57336,2022-07-14 00:00:00
714,4,Human Resources,Manager,47373,2022-01-05 00:00:00
715,5,Operations,CEO,501270,2021-10-03 00:00:00
716,2,Marketing,manager,66786,2021-12-13 00:00:00
717,2,Marketing,manager,59609,2022-09-25 00:00:00
718,1,Sales,Executive,,2022-07-23 00:00:00
719,5,Operations,executive,79665,2022-02-23 00:00:00
720,4,Human Resources,Associate,42125,2021-10-22 00:00:00
721,5,Operations,Associate,,2021-10-02 00:00:00
722,5,Operations,manager,68146,2022-07-05 00:00:00
723,4,Human Resources,Executive,77031,2022-03-03 00:00:00
724,1,Sales,Manager,,2021-06-15 00:00:00
725,4,Human Resources,Executive,,
726,4,Human Resources,manager,52725,2022-01-19 00:00:00
727,1,Sales,Associate,30616,2021-06-18 00:00:00
728,1,Sales,Manager,63733,2022-03-16 00:00:00
729,2,Marketing,,40901,2022-06-17 00:00:00
730,3,Finance,executive,,2021-08-01 00:00:00
731,1,Sales,manager,62501,2021-09-08 00:00:00
732,3,Finance,Executive,92885,2022-10-30 00:00:00
733,1,Sales,Executive,0,2021-07-08 00:00:00
734,1,Sales,Executive,80982,2022-10-14 00:00:00
735,2,Marketing,associate,34526,2021-07-24 00:00:00
736,3,Finance,manager,,2022-01-03 00:00:00
737,3,Finance,,41512,2022-05-12 00:00:00
738,5,Operations,Executive,90186,2022-06-13 00:00:00
739,1,Sales,,44807,2021-08-29 00:00:00
740,4,Human Resources,Associate,35077,2022-10-07 00:00:00
741,5,Operations,executive,65634,2022-03-24 00:00:00
742,3,Finance,,41348,2022-01-23 00:00:00
743,3,Finance,manager,62038,2021-05-15 00:00:00
744,5,Operations,manager,54950,2021-09-06 00:00:00
745,5,Operations,Executive,90481,2022-09-12 00:00:00
746,4,Human Resources,executive,-99,2022-12-29 00:00:00
747,2,Marketing,associate,40275,2022-10-06 00:00:00
748,5,Operations,manager,66013,2022-06-20 00:00:00
749,5,Operations,Manager,67917,2022-05-10 00:00:00
750,2,Marketing,manager,54340,2022-02-01 00:00:00
751,2,Marketing,manager,63716,2022-10-12 00:00:00
752,4,Human Resources,associate,49271,2021-05-25 00:00:00
753,2,Marketing,executive,82235,2021-05-10 00:00:00
754,2,Marketing,associate,36131,2022-10-08 00:00:00
755,4,Human Resources,Manager,60657,2022-03-14 00:00:00
756,2,Marketing,Executive,71863,2022-08-16 00:00:00
757,2,Marketing,Associate,,2022-01-24 00:00:00
758,2,Marketing,associate,,2021-06-25 00:00:00
759,1,Sales,executive,88985,2022-06-09 00:00:00
760,5,Operations,,29510,2021-07-14 00:00:00
761,4,Human Resources,Executive,78813,2022-01-25 00:00:00
762,5,Operations,Associate,41606,2021-11-10 00:00:00
763,2,Marketing,,36028,2022-11-10 00:00:00
764,2,Marketing,Manager,59211,2022-01-09 00:00:00
765,1,Sales,manager,59288,2022-12-11 00:00:00
766,5,Operations,Executive,77876,2022-05-04 00:00:00
767,2,Marketing,manager,62643,2022-01-02 00:00:00
768,4,Human Resources,executive,84016,2022-05-02 00:00:00
769,1,Sales,CEO,519222,2022-01-15 00:00:00
770,1,Sales,Executive,86537,2022-08-02 00:00:00
771,1,Sales,executive,91615,2022-01-04 00:00:00
772,5,Operations,executive,63495,2021-06-03 00:00:00
773,1,Sales,,39881,2021-05-01 00:00:00
774,4,Human Resources,Associate,0,
775,4,Human Resources,associate,46871,2021-07-02 00:00:00
776,2,Marketing,executive,83140,2021-11-21 00:00:00
777,1,Sales,executive,64949,2021-04-16 00:00:00
778,3,Finance,Associate,46768,
779,2,Marketing,associate,37407,2021-06-12 00:00:00
780,4,Human Resources,Manager,66675,2021-12-15 00:00:00
781,1,Sales,Executive,72816,2022-02-13 00:00:00
782,2,Marketing,executive,74469,2022-01-25 00:00:00
783,5,Operations,Associate,45268,
784,3,Finance,executive,0,2022-02-09 00:00:00
785,1,Sales,Manager,53146,2022-07-17 00:00:00
786,2,Marketing,Executive,80891,2021-06-09 00:00:00
787,2,Marketing,Executive,57833,2021-09-24 00:00:00
788,2,Marketing,associate,41796,2022-07-28 00:00:00
789,3,Finance,Manager,-99,2021-12-01 00:00:00
790,3,Finance,manager,58165,2021-04-14 00:00:00
791,3,Finance,executive,80648,2022-07-28 00:00:00
792,5,Operations,Associate,51120,
793,3,Finance,Manager,51003,
794,3,Finance,manager,57224,2022-04-18 00:00:00
795,2,Marketing,manager,52421,2021-07-17 00:00:00
796,4,Human Resources,manager,54201,2021-05-26 00:00:00
797,3,Finance,Executive,74042,2021-06-09 00:00:00
798,1,Sales,Executive,74537,2022-11-02 00:00:00
799,3,Finance,manager,,2021-07-03 00:00:00
800,1,Sales,Associate,39032,2021-05-02 00:00:00
801,4,Human Resources,CEO,508019,2021-09-24 00:00:00
802,1,Sales,Executive,73043,2021-05-27 00:00:00
803,2,Marketing,executive,73884,2022-10-31 00:00:00
804,2,Marketing,manager,71291,2022-11-17 00:00:00
805,4,Human Resources,Executive,69509,2021-12-14 00:00:00
806,3,Finance,Executive,,2021-12-20 00:00:00
807,3,Finance,Executive,74032,2022-11-28 00:00:00
808,4,Human Resources,,38832,2021-08-25 00:00:00
809,4,Human Resources,associate,36814,2022-06-18 00:00:00
810,4,Human Resources,Executive,79414,2022-02-20 00:00:00
811,5,Operations,associate,49788,2021-11-23 00:00:00
812,3,Finance,associate,39273,2021-07-15 00:00:00
813,5,Operations,executive,83056,2022-07-18 00:00:00
814,3,Finance,Manager,60603,2022-03-07 00:00:00
815,4,Human Resources,manager,-99,2022-12-30 00:00:00
816,5,Operations,manager,53402,2021-11-16 00:00:00
817,2,Marketing,CEO,489918,2022-11-09 00:00:00
818,3,Finance,Manager,52722,2022-03-14 00:00:00
819,3,Finance,,0,2022-12-05 00:00:00
820,1,Sales,Associate,33676,2021-07-11 00:00:00
821,4,Human Resources,CEO,505733,2022-09-11 00:00:00
822,5,Operations,executive,,2022-02-20 00:00:00
823,3,Finance,manager,64291,2022-02-12 00:00:00
824,1,Sales,Executive,89055,2022-01-30 00:00:00
825,1,Sales,Manager,59282,2021-05-15 00:00:00
826,3,Finance,Associate,45146,2021-10-05 00:00:00
827,3,Finance,executive,71066,2022-08-01 00:00:00
828,4,Human Resources,Manager,66700,2021-10-29 00:00:00
829,3,Finance,executive,77899,2021-08-11 00:00:00
830,4,Human Resources,Executive,73945,2021-11-19 00:00:00
831,4,Human Resources,,0,2021-11-25 00:00:00
832,1,Sales,Manager,67880,2022-02-25 00:00:00
833,1,Sales,Manager,58707,2022-10-06 00:00:00
834,5,Operations,,46377,2021-07-19 00:00:00
835,5,Operations,associate,40049,2022-05-19 00:00:00
836,1,Sales,associate,42183,
837,4,Human Resources,associate,40827,
838,1,Sales,Manager,,2021-07-21 00:00:00
839,4,Human Resources,,37779,2022-06-03 00:00:00
840,1,Sales,Associate,44127,2021-12-14 00:00:00
841,3,Finance,executive,71021,2021-10-01 00:00:00
842,3,Finance,associate,47021,2022-12-18 00:00:00
843,4,Human Resources,Manager,69118,2021-08-17 00:00:00
844,3,Finance,Manager,59943,2022-03-02 00:00:00
845,3,Finance,Associate,45959,2021-08-25 00:00:00
846,4,Human Resources,manager,0,
847,2,Marketing,Manager,66813,2022-01-08 00:00:00
848,4,Human Resources,,35557,2022-09-10 00:00:00
849,5,Operations,Manager,52380,2022-09-26 00:00:00
850,5,Operations,manager,45877,2022-11-08 00:00:00
851,2,Marketing,associate,41915,2022-03-06 00:00:00
852,5,Operations,,43459,2022-08-12 00:00:00
853,5,Operations,Executive,75484,2021-02-19 00:00:00
854,5,Operations,manager,65532,2021-12-03 00:00:00
855,4,Human Resources,Associate,35366,2021-04-13 00:00:00
856,5,Operations,Executive,83204,2022-10-07 00:00:00
857,5,Operations,,39890,2021-07-06 00:00:00
858,4,Human Resources,Manager,62848,2022-02-10 00:00:00
859,2,Marketing,manager,48585,2021-02-07 00:00:00
860,5,Operations,Executive,0,2021-04-16 00:00:00
861,2,Marketing,,43970,
862,1,Sales,,,2021-08-27 00:00:00
863,2,Marketing,Executive,88103,
864,1,Sales,associate,50599,2021-06-21 00:00:00
865,3,Finance,executive,66203,2021-07-13 00:00:00
866,5,Operations,,32290,2022-01-12 00:00:00
867,1,Sales,executive,81452,2022-03-25 00:00:00
868,3,Finance,,43358,2021-02-01 00:00:00
869,2,Marketing,associate,0,2022-03-04 00:00:00
870,2,Marketing,Manager,0,2021-03-01 00:00:00
871,1,Sales,executive,75346,2022-08-15 00:00:00
872,3,Finance,manager,,2022-05-27 00:00:00
873,3,Finance,executive,,2021-12-03 00:00:00
874,3,Finance,Associate,,2022-11-26 00:00:00
875,3,Finance,manager,60631,2022-12-20 00:00:00
876,3,Finance,Manager,55859,2021-09-29 00:00:00
877,2,Marketing,Associate,30723,2022-04-11 00:00:00
878,5,Operations,Manager,70524,2021-07-04 00:00:00
879,4,Human Resources,executive,80550,2021-03-21 00:00:00
880,4,Human Resources,Associate,45489,2022-09-01 00:00:00
881,3,Finance,CEO,502322,2022-10-19 00:00:00
882,5,Operations,associate,,2022-04-04 00:00:00
883,1,Sales,Executive,,2021-09-09 00:00:00
884,4,Human Resources,Associate,31802,2022-07-07 00:00:00
885,3,Finance,associate,,2021-06-21 00:00:00
886,1,Sales,Manager,69109,2022-04-04 00:00:00
887,4,Human Resources,manager,56467,2021-09-08 00:00:00
888,3,Finance,Executive,,2021-07-08 00:00:00
889,5,Operations,Manager,65786,2021-12-23 00:00:00
890,1,Sales,Manager,71631,2021-04-18 00:00:00
891,1,Sales,executive,81220,2021-03-02 00:00:00
892,3,Finance,,,2021-05-15 00:00:00
893,2,Marketing,Associate,40449,2022-01-23 00:00:00
894,4,Human Resources,,42250,2022-12-06 00:00:00
895,4,Human Resources,Manager,49946,
896,5,Operations,associate,38521,2022-03-14 00:00:00
897,5,Operations,Manager,66756,2022-03-18 00:00:00
898,1,Sales,,39576,2021-07-06 00:00:00
899,3,Finance,Manager,63344,2021-03-05 00:00:00
900,5,Operations,associate,39773,2021-05-04 00:00:00
901,1,Sales,associate,0,2021-11-06 00:00:00
902,3,Finance,,45210,2021-09-18 00:00:00
903,2,Marketing,Executive,80576,2021-08-02 00:00:00
904,1,Sales,Manager,55035,2021-10-07 00:00:00
905,3,Finance,associate,38654,2021-11-13 00:00:00
906,5,Operations,Associate,46221,2022-11-17 00:00:00
907,3,Finance,associate,41723,2022-11-11 00:00:00
908,1,Sales,CEO,512376,2021-04-02 00:00:00
909,4,Human Resources,Manager,0,2022-11-05 00:00:00
910,1,Sales,manager,60183,2021-01-28 00:00:00
911,5,Operations,Executive,83770,2022-10-23 00:00:00
912,4,Human Resources,Associate,38742,2022-12-17 00:00:00
913,2,Marketing,Executive,91623,2022-01-15 00:00:00
914,5,Operations,executive,79398,2022-10-10 00:00:00
915,3,Finance,manager,0,2022-04-01 00:00:00
916,1,Sales,manager,69319,2022-10-21 00:00:00
917,2,Marketing,manager,0,
918,2,Marketing,executive,83567,2021-10-12 00:00:00
919,1,Sales,Executive,71602,2021-05-06 00:00:00
920,5,Operations,Manager,35732,2022-12-24 00:00:00
921,5,Operations,executive,76372,2022-02-09 00:00:00
922,5,Operations,manager,61333,2022-07-26 00:00:00
923,2,Marketing,Executive,79593,2021-07-22 00:00:00
924,2,Marketing,executive,67708,2021-10-09 00:00:00
925,1,Sales,associate,42573,2022-07-24 00:00:00
926,2,Marketing,Manager,59071,2021-06-09 00:00:00
927,5,Operations,,43567,2021-08-27 00:00:00
928,3,Finance,,29102,2021-04-02 00:00:00
929,5,Operations,Associate,43989,2021-01-09 00:00:00
930,3,Finance,,29444,2022-10-08 00:00:00
931,5,Operations,Executive,,2022-08-13 00:00:00
932,1,Sales,executive,72514,2022-08-30 00:00:00
933,4,Human Resources,Manager,54273,2022-11-15 00:00:00
934,1,Sales,,32317,2022-09-27 00:00:00
935,5,Operations,associate,35895,2021-01-15 00:00:00
936,1,Sales,Executive,91864,2021-05-15 00:00:00
937,2,Marketing,executive,0,2022-03-18 00:00:00
938,2,Marketing,Associate,41006,2021-11-15 00:00:00
939,5,Operations,manager,62981,
940,3,Finance,,39797,2021-07-18 00:00:00
941,4,Human Resources,manager,45642,2020-12-08 00:00:00
942,5,Operations,associate,38113,2021-07-27 00:00:00
943,5,Operations,Executive,0,2022-03-23 00:00:00
944,5,Operations,manager,56998,2021-09-02 00:00:00
945,2,Marketing,Associate,,2022-01-14 00:00:00
946,4,Human Resources,executive,81497,2021-10-22 00:00:00
947,5,Operations,Associate,40461,
948,1,Sales,Manager,60533,2021-01-18 00:00:00
949,3,Finance,Associate,38023,2022-07-04 00:00:00
950,4,Human Resources,Executive,69482,2020-12-16 00:00:00
951,4,Human Resources,Executive,,2022-06-14 00:00:00
952,5,Operations,Executive,81174,2020-12-21 00:00:00
953,5,Operations,,29698,2020-11-26 00:00:00
954,3,Finance,Manager,35501,2022-04-22 00:00:00
955,4,Human Resources,Associate,31012,
956,2,Marketing,Manager,60322,2021-12-10 00:00:00
957,5,Operations,manager,59459,2021-09-03 00:00:00
958,1,Sales,executive,87510,2022-05-13 00:00:00
959,5,Operations,executive,79334,2022-09-02 00:00:00
960,5,Operations,,35409,2022-07-15 00:00:00
961,1,Sales,associate,46681,2022-09-14 00:00:00
962,2,Marketing,Associate,44407,2021-10-05 00:00:00
963,3,Finance,Manager,53854,2022-09-21 00:00:00
964,4,Human Resources,,40049,2021-07-04 00:00:00
965,5,Operations,associate,31289,
966,2,Marketing,Associate,35402,2022-07-10 00:00:00
967,1,Sales,Executive,83885,2022-12-23 00:00:00
968,5,Operations,,35834,2021-01-07 00:00:00
969,2,Marketing,Associate,0,2021-07-18 00:00:00
970,5,Operations,,48631,2022-07-22 00:00:00
971,3,Finance,Executive,100066,2022-06-21 00:00:00
972,3,Finance,associate,41123,2022-08-13 00:00:00
973,4,Human Resources,,33370,2022-05-08 00:00:00
974,2,Marketing,associate,30612,2022-07-18 00:00:00
975,1,Sales,Manager,58069,2022-04-06 00:00:00
976,2,Marketing,Executive,69726,2021-02-06 00:00:00
977,1,Sales,executive,62474,2021-07-28 00:00:00
978,5,Operations,manager,,2022-04-22 00:00:00
979,2,Marketing,manager,59254,2021-08-18 00:00:00
980,5,Operations,executive,89486,2022-06-05 00:00:00
981,1,Sales,Manager,,2022-08-07 00:00:00
982,1,Sales,Executive,69091,2020-12-22 00:00:00
983,2,Marketing,executive,0,2021-06-12 00:00:00
984,4,Human Resources,manager,55278,
985,2,Marketing,Executive,85710,2021-11-27 00:00:00
986,2,Marketing,Associate,,2022-09-15 00:00:00
987,4,Human Resources,associate,40763,2022-11-16 00:00:00
988,1,Sales,Manager,62176,2021-12-12 00:00:00
989,2,Marketing,Manager,57890,2021-07-12 00:00:00
990,2,Marketing,Associate,33678,2021-01-10 00:00:00
991,2,Marketing,Executive,70086,2021-12-20 00:00:00
992,1,Sales,manager,47214,2022-08-16 00:00:00
993,4,Human Resources,Associate,38263,2020-10-28 00:00:00
994,2,Marketing,associate,,2021-05-02 00:00:00
995,3,Finance,,46139,2021-12-17 00:00:00
996,2,Marketing,,37725,2022-11-26 00:00:00
997,2,Marketing,Manager,49695,2021-09-10 00:00:00
998,4,Human Resources,Associate,41911,2022-02-26 00:00:00
999,5,Operations,associate,41374,2022-07-28 00:00:00
1000,4,Human Resources,Executive,79653,2021-09-23 00:00:00
1001,4,Human Resources,,31016,2022-09-01 00:00:00
1002,1,Sales,Executive,80534,2022-09-28 00:00:00
1003,5,Operations,associate,39644,2022-02-20 00:00:00
1004,5,Operations,Associate,43771,2022-09-26 00:00:00
1005,4,Human Resources,associate,42807,2022-04-17 00:00:00
1006,4,Human Resources,Associate,40140,2021-08-07 00:00:00
1007,2,Marketing,,34791,2021-04-25 00:00:00
1008,5,Operations,Manager,60861,2021-07-01 00:00:00
1009,4,Human Resources,manager,67072,2020-10-10 00:00:00
1010,3,Finance,associate,45563,2021-11-11 00:00:00
1011,1,Sales,associate,37076,2021-11-01 00:00:00
1012,4,Human Resources,,36714,2021-06-09 00:00:00
1013,5,Operations,Executive,62702,2021-02-10 00:00:00
1014,2,Marketing,manager,72692,2022-12-24 00:00:00
1015,3,Finance,Manager,,2022-05-21 00:00:00
1016,1,Sales,associate,,2022-12-03 00:00:00
1017,1,Sales,Associate,44846,2022-06-18 00:00:00
1018,3,Finance,Associate,47695,2021-03-30 00:00:00
1019,3,Finance,associate,43580,2021-07-12 00:00:00
1020,4,Human Resources,,44997,2022-06-07 00:00:00
1021,5,Operations,Associate,0,2021-01-05 00:00:00
1022,1,Sales,Associate,0,2022-03-10 00:00:00
1023,2,Marketing,executive,80232,2022-07-04 00:00:00
1024,5,Operations,associate,33432,2021-11-16 00:00:00
1025,1,Sales,executive,78470,2022-07-20 00:00:00
1026,1,Sales,associate,34198,2021-04-20 00:00:00
1027,4,Human Resources,Executive,67691,2022-05-23 00:00:00
1028,5,Operations,Manager,,2022-05-29 00:00:00
1029,4,Human Resources,Associate,-99,2021-05-27 00:00:00
1030,2,Marketing,executive,,2021-07-11 00:00:00
1031,1,Sales,associate,39817,2021-07-04 00:00:00
1032,1,Sales,Associate,35240,2021-02-14 00:00:00
1033,3,Finance,associate,48956,2021-02-12 00:00:00
1034,3,Finance,Executive,74488,
1035,3,Finance,associate,40945,2022-04-16 00:00:00
1036,5,Operations,manager,55460,2021-09-22 00:00:00
1037,3,Finance,executive,66185,2022-02-23 00:00:00
1038,3,Finance,Associate,43054,2022-05-19 00:00:00
1039,4,Human Resources,manager,54423,2022-07-09 00:00:00
1040,5,Operations,associate,40352,2021-03-28 00:00:00
1041,4,Human Resources,manager,59029,2021-11-12 00:00:00
1042,5,Operations,,39041,
1043,5,Operations,Manager,0,2021-01-11 00:00:00
1044,4,Human Resources,manager,70986,2022-10-14 00:00:00
1045,2,Marketing,executive,,2022-02-27 00:00:00
1046,5,Operations,Manager,51786,2021-05-09 00:00:00
1047,3,Finance,Associate,41982,2021-01-10 00:00:00
1048,4,Human Resources,Manager,61381,2021-06-07 00:00:00
1049,5,Operations,Associate,-99,2021-01-06 00:00:00
1050,5,Operations,associate,39660,2021-07-04 00:00:00
1051,3,Finance,Associate,48240,
1052,3,Finance,,0,
1053,3,Finance,Associate,34241,2021-03-01 00:00:00
1054,3,Finance,,42027,2021-07-22 00:00:00
1055,2,Marketing,associate,43621,2021-02-27 00:00:00
1056,4,Human Resources,manager,57773,2021-10-20 00:00:00
1057,2,Marketing,associate,48661,2021-06-16 00:00:00
1058,1,Sales,manager,55692,2021-07-04 00:00:00
1059,1,Sales,Executive,,2021-05-03 00:00:00
1060,4,Human Resources,,31038,2022-03-08 00:00:00
1061,1,Sales,Associate,42324,2021-12-16 00:00:00
1062,2,Marketing,executive,100081,2022-06-21 00:00:00
1063,5,Operations,manager,66458,2021-05-31 00:00:00
1064,4,Human Resources,associate,34027,2021-01-27 00:00:00
1065,5,Operations,,40523,2022-03-29 00:00:00
1066,4,Human Resources,manager,67258,2020-11-08 00:00:00
1067,2,Marketing,,39512,2021-11-01 00:00:00
1068,3,Finance,manager,68082,2021-11-17 00:00:00
1069,3,Finance,Associate,,2022-09-03 00:00:00
1070,1,Sales,associate,44921,2021-05-28 00:00:00
1071,5,Operations,,,2022-11-23 00:00:00
1072,4,Human Resources,associate,36048,2021-04-28 00:00:00
1073,4,Human Resources,Executive,67328,
1074,5,Operations,Executive,,2022-07-15 00:00:00
1075,4,Human Resources,,33386,2021-01-26 00:00:00
1076,1,Sales,associate,35170,2022-02-19 00:00:00
1077,5,Operations,associate,40215,
1078,4,Human Resources,associate,41266,2021-09-14 00:00:00
1079,3,Finance,Executive,87431,2022-02-25 00:00:00
1080,5,Operations,executive,80233,2022-03-18 00:00:00
1081,2,Marketing,,39859,2021-11-07 00:00:00
1082,1,Sales,Associate,,2020-12-25 00:00:00
1083,1,Sales,Associate,40156,2021-08-10 00:00:00
1084,3,Finance,executive,93817,2022-12-14 00:00:00
1085,5,Operations,Manager,73125,2022-09-09 00:00:00
1086,2,Marketing,,40884,2021-01-02 00:00:00
1087,3,Finance,manager,,2022-04-06 00:00:00
1088,2,Marketing,Executive,77152,2021-01-30 00:00:00
1089,4,Human Resources,Associate,36070,2020-11-08 00:00:00
1090,4,Human Resources,associate,40757,2021-05-14 00:00:00
1091,5,Operations,executive,78416,2020-08-11 00:00:00
1092,3,Finance,Executive,96518,2022-01-04 00:00:00
1093,2,Marketing,manager,62158,2022-01-07 00:00:00
1094,3,Finance,Associate,49856,2021-01-13 00:00:00
1095,4,Human Resources,Associate,41491,2021-12-04 00:00:00
1096,5,Operations,Executive,,2021-06-29 00:00:00
1097,4,Human Resources,Executive,77401,2022-04-19 00:00:00
1098,4,Human Resources,manager,0,2022-08-25 00:00:00
1099,3,Finance,Executive,62798,
1100,5,Operations,Associate,37721,2022-11-13 00:00:00
1101,2,Marketing,Executive,-99,2022-11-13 00:00:00
1102,5,Operations,associate,42655,2020-12-21 00:00:00
1103,2,Marketing,Associate,45218,2022-11-05 00:00:00
1104,3,Finance,,37481,2021-04-17 00:00:00
1105,1,Sales,Executive,74844,2020-08-27 00:00:00
1106,1,Sales,executive,,2022-01-26 00:00:00
1107,1,Sales,associate,38489,2022-02-28 00:00:00
1108,5,Operations,executive,82486,2020-10-13 00:00:00
1109,1,Sales,manager,65354,2022-01-07 00:00:00
1110,3,Finance,CEO,502195,2022-09-01 00:00:00
1111,3,Finance,Associate,45776,2021-10-29 00:00:00
1112,5,Operations,manager,0,2022-12-30 00:00:00
1113,3,Finance,Manager,54834,2021-10-25 00:00:00
1114,5,Operations,Manager,64503,2022-03-03 00:00:00
1115,4,Human Resources,,45133,2021-06-09 00:00:00
1116,3,Finance,associate,48621,2021-12-03 00:00:00
1117,2,Marketing,executive,77456,2020-10-14 00:00:00
1118,1,Sales,executive,68808,2021-06-04 00:00:00
1119,5,Operations,Manager,53680,2021-02-18 00:00:00
1120,5,Operations,manager,63044,2021-01-28 00:00:00
1121,2,Marketing,,,2022-06-18 00:00:00
1122,4,Human Resources,Manager,60637,2021-07-31 00:00:00
1123,4,Human Resources,associate,36278,2022-06-02 00:00:00
1124,1,Sales,Executive,80151,2021-05-28 00:00:00
1125,2,Marketing,manager,74404,2020-12-17 00:00:00
1126,2,Marketing,executive,,2020-08-17 00:00:00
1127,4,Human Resources,Associate,35299,2020-08-18 00:00:00
1128,5,Operations,manager,75813,2022-08-14 00:00:00
1129,4,Human Resources,Associate,42881,2021-07-12 00:00:00
1130,3,Finance,Associate,50088,2021-05-03 00:00:00
1131,2,Marketing,,41387,2022-03-02 00:00:00
1132,5,Operations,Associate,35411,2021-11-11 00:00:00
1133,1,Sales,,35172,2021-05-17 00:00:00
1134,1,Sales,Associate,43619,2022-04-12 00:00:00
1135,2,Marketing,Manager,62004,2021-07-02 00:00:00
1136,5,Operations,Associate,33876,2020-10-12 00:00:00
1137,2,Marketing,Associate,29428,2021-05-28 00:00:00
1138,4,Human Resources,,51280,2022-06-02 00:00:00
1139,4,Human Resources,associate,-99,2022-04-07 00:00:00
1140,2,Marketing,Executive,80841,2020-11-27 00:00:00
1141,5,Operations,associate,0,2021-05-26 00:00:00
1142,5,Operations,,42545,2020-10-02 00:00:00
1143,2,Marketing,associate,50486,2022-08-09 00:00:00
1144,3,Finance,,36963,2022-07-19 00:00:00
1145,3,Finance,Associate,38582,
1146,4,Human Resources,,,2020-12-17 00:00:00
1147,5,Operations,Executive,81989,2021-06-04 00:00:00
1148,2,Marketing,Manager,61121,2022-03-09 00:00:00
1149,3,Finance,executive,89140,2021-08-02 00:00:00
1150,2,Marketing,,35222,2022-09-14 00:00:00
1151,2,Marketing,Executive,,2020-07-27 00:00:00
1152,5,Operations,Associate,45515,2020-09-25 00:00:00
1153,3,Finance,Manager,72281,2021-11-10 00:00:00
1154,1,Sales,Associate,34005,2022-09-19 00:00:00
1155,4,Human Resources,,29255,2021-12-09 00:00:00
1156,5,Operations,Executive,83808,2022-10-26 00:00:00
1157,3,Finance,executive,72523,2021-11-17 00:00:00
1158,2,Marketing,,35039,2020-12-13 00:00:00
1159,3,Finance,associate,41407,2020-10-26 00:00:00
1160,3,Finance,Executive,98755,
1161,2,Marketing,associate,33993,2022-08-31 00:00:00
1162,2,Marketing,manager,65452,2022-06-13 00:00:00
1163,2,Marketing,Associate,35431,2022-02-13 00:00:00
1164,3,Finance,associate,37473,2022-05-02 00:00:00
1165,1,Sales,,-99,2022-10-26 00:00:00
1166,5,Operations,Associate,0,2021-03-25 00:00:00
1167,1,Sales,Associate,37750,2020-06-09 00:00:00
1168,3,Finance,manager,49692,2021-01-02 00:00:00
1169,4,Human Resources,manager,,2022-01-26 00:00:00
1170,2,Marketing,Manager,59040,2020-11-09 00:00:00
1171,1,Sales,Executive,75188,2021-01-03 00:00:00
1172,4,Human Resources,Executive,77344,2021-02-09 00:00:00
1173,5,Operations,,40516,2021-10-08 00:00:00
1174,2,Marketing,Associate,0,2022-01-17 00:00:00
1175,4,Human Resources,Associate,45654,2021-10-06 00:00:00
1176,1,Sales,associate,,2021-06-21 00:00:00
1177,5,Operations,associate,41828,2020-05-23 00:00:00
1178,4,Human Resources,associate,39548,2021-03-02 00:00:00
1179,5,Operations,manager,73821,2021-01-16 00:00:00
1180,1,Sales,executive,,2020-07-15 00:00:00
1181,2,Marketing,Associate,32167,2020-06-14 00:00:00
1182,2,Marketing,Associate,44061,2020-08-23 00:00:00
1183,5,Operations,Manager,53815,2022-09-25 00:00:00
1184,5,Operations,,52221,2021-04-30 00:00:00
1185,1,Sales,manager,58701,2020-11-11 00:00:00
1186,1,Sales,associate,34492,2021-10-31 00:00:00
1187,5,Operations,Manager,,2021-04-12 00:00:00
1188,5,Operations,CEO,492646,2021-08-14 00:00:00
1189,4,Human Resources,Executive,65129,2022-02-19 00:00:00
1190,4,Human Resources,Manager,,2021-06-16 00:00:00
1191,1,Sales,Manager,55819,2021-09-21 00:00:00
1192,2,Marketing,Associate,41403,2022-09-25 00:00:00
1193,1,Sales,manager,48147,2020-08-01 00:00:00
1194,4,Human Resources,associate,39287,2022-03-10 00:00:00
1195,4,Human Resources,manager,,2020-09-08 00:00:00
1196,3,Finance,Associate,0,2020-08-02 00:00:00
1197,1,Sales,Executive,,2020-09-21 00:00:00
1198,5,Operations,manager,78795,2021-07-03 00:00:00
1199,5,Operations,,37280,2021-07-10 00:00:00
1200,2,Marketing,executive,,2021-05-26 00:00:00
1201,4,Human Resources,manager,-99,2020-10-27 00:00:00
1202,1,Sales,,42073,2020-11-14 00:00:00
1203,2,Marketing,Associate,47435,2021-03-08 00:00:00
1204,3,Finance,,0,2020-11-13 00:00:00
1205,4,Human Resources,manager,75838,2022-06-23 00:00:00
1206,5,Operations,executive,86402,2021-05-22 00:00:00
1207,2,Marketing,executive,0,2020-06-19 00:00:00
1208,3,Finance,Executive,84354,2021-10-23 00:00:00
1209,3,Finance,Associate,34585,2020-12-10 00:00:00
1210,5,Operations,manager,43887,2022-09-07 00:00:00
1211,2,Marketing,manager,58070,
1212,5,Operations,manager,56372,2021-01-10 00:00:00
1213,5,Operations,manager,-99,2022-05-31 00:00:00
1214,4,Human Resources,manager,65990,2022-01-07 00:00:00
1215,3,Finance,Associate,0,2022-01-14 00:00:00
1216,1,Sales,Associate,38813,2022-01-30 00:00:00
1217,4,Human Resources,associate,48464,2021-09-30 00:00:00
1218,3,Finance,Associate,38273,2021-06-22 00:00:00
1219,2,Marketing,,36215,2020-06-05 00:00:00
1220,2,Marketing,Manager,72152,2022-10-29 00:00:00
1221,3,Finance,Executive,78177,2022-10-27 00:00:00
1222,2,Marketing,executive,70499,2022-09-03 00:00:00
1223,3,Finance,,,2020-07-13 00:00:00
1224,5,Operations,,34059,2022-03-28 00:00:00
1225,4,Human Resources,Executive,88108,2020-08-02 00:00:00
1226,2,Marketing,,44576,2021-09-24 00:00:00
1227,1,Sales,,59092,2021-10-16 00:00:00
1228,4,Human Resources,executive,,2021-03-21 00:00:00
1229,2,Marketing,Associate,34579,2022-09-21 00:00:00
1230,1,Sales,associate,37094,2022-10-20 00:00:00
1231,2,Marketing,associate,27832,2021-11-30 00:00:00
1232,1,Sales,Manager,57263,2021-08-27 00:00:00
1233,4,Human Resources,Manager,0,2021-08-14 00:00:00
1234,4,Human Resources,Executive,83806,2020-10-05 00:00:00
1235,5,Operations,,43279,2021-03-28 00:00:00
1236,3,Finance,Manager,,2022-12-26 00:00:00
1237,1,Sales,associate,34158,2022-03-10 00:00:00
1238,3,Finance,,45984,2021-02-14 00:00:00
1239,1,Sales,Associate,,2021-07-31 00:00:00
1240,5,Operations,manager,51015,2020-10-31 00:00:00
1241,1,Sales,associate,34685,2021-01-14 00:00:00
1242,4,Human Resources,Associate,,2020-06-13 00:00:00
1243,4,Human Resources,manager,66697,2022-06-08 00:00:00
1244,3,Finance,Manager,55247,2020-10-26 00:00:00
1245,5,Operations,executive,68693,2022-03-16 00:00:00
1246,1,Sales,,47423,
1247,5,Operations,,28782,2020-04-05 00:00:00
1248,1,Sales,executive,79080,2022-09-16 00:00:00
1249,3,Finance,associate,35415,2022-04-30 00:00:00
1250,5,Operations,associate,39577,2020-07-08 00:00:00
1251,2,Marketing,,,2020-05-02 00:00:00
1252,2,Marketing,manager,0,2022-08-05 00:00:00
1253,5,Operations,manager,,2020-08-20 00:00:00
1254,5,Operations,executive,88426,2022-12-17 00:00:00
1255,2,Marketing,,28973,
1256,5,Operations,executive,74499,2022-08-13 00:00:00
1257,2,Marketing,manager,57941,2020-10-17 00:00:00
1258,4,Human Resources,Associate,32164,2022-10-26 00:00:00
1259,4,Human Resources,Executive,93831,2021-09-07 00:00:00
1260,4,Human Resources,manager,51359,2020-12-16 00:00:00
1261,1,Sales,,40113,
1262,5,Operations,associate,45236,2020-06-25 00:00:00
1263,5,Operations,executive,83430,2022-07-02 00:00:00
1264,2,Marketing,executive,0,2022-11-18 00:00:00
1265,4,Human Resources,associate,41383,2020-07-03 00:00:00
1266,1,Sales,associate,38754,2021-05-15 00:00:00
1267,3,Finance,Manager,0,2021-08-30 00:00:00
1268,2,Marketing,manager,55819,2022-01-21 00:00:00
1269,5,Operations,Manager,64164,2020-03-14 00:00:00
1270,1,Sales,associate,37311,2020-06-19 00:00:00
1271,5,Operations,executive,78025,2020-10-29 00:00:00
1272,5,Operations,associate,35796,2022-01-14 00:00:00
1273,4,Human Resources,,34067,2021-08-11 00:00:00
1274,4,Human Resources,Executive,61894,2022-04-20 00:00:00
1275,1,Sales,executive,73592,2022-03-12 00:00:00
1276,1,Sales,Executive,85609,2020-07-26 00:00:00
1277,1,Sales,executive,80351,2022-08-01 00:00:00
1278,3,Finance,Associate,,2021-06-21 00:00:00
1279,2,Marketing,Associate,43469,2022-01-19 00:00:00
1280,3,Finance,associate,42830,2021-10-28 00:00:00
1281,4,Human Resources,Manager,61672,2020-10-29 00:00:00
1282,1,Sales,associate,47710,2020-05-31 00:00:00
1283,2,Marketing,Executive,89223,2022-01-26 00:00:00
1284,3,Finance,,41714,2020-04-30 00:00:00
1285,4,Human Resources,Manager,,
1286,2,Marketing,Associate,33945,2022-07-02 00:00:00
1287,2,Marketing,Manager,64208,
1288,5,Operations,executive,83474,2021-08-02 00:00:00
1289,2,Marketing,,44391,2022-01-08 00:00:00
1290,4,Human Resources,manager,,2022-09-17 00:00:00
1291,2,Marketing,Executive,81455,2022-05-29 00:00:00
1292,5,Operations,Manager,59231,2021-07-01 00:00:00
1293,2,Marketing,,42802,2021-07-12 00:00:00
1294,4,Human Resources,Executive,76139,2020-08-12 00:00:00
1295,5,Operations,associate,45002,2021-10-29 00:00:00
1296,4,Human Resources,Executive,87127,2021-07-22 00:00:00
1297,5,Operations,,37526,2020-07-15 00:00:00
1298,3,Finance,executive,80507,2020-08-22 00:00:00
1299,1,Sales,Manager,0,2021-03-31 00:00:00
1300,5,Operations,Executive,,2020-09-09 00:00:00
1301,4,Human Resources,Manager,66807,2021-12-25 00:00:00
1302,1,Sales,associate,0,2020-04-25 00:00:00
1303,5,Operations,associate,38487,2020-10-05 00:00:00
1304,5,Operations,executive,69401,2022-09-09 00:00:00
1305,2,Marketing,Associate,0,2021-07-16 00:00:00
1306,1,Sales,,43264,2022-09-20 00:00:00
1307,2,Marketing,executive,85124,2020-11-17 00:00:00
1308,4,Human Resources,associate,39027,2022-04-10 00:00:00
1309,5,Operations,Manager,,2022-03-08 00:00:00
1310,4,Human Resources,manager,69904,2021-06-14 00:00:00
1311,3,Finance,Executive,86802,2020-06-16 00:00:00
1312,3,Finance,Manager,51944,2021-06-04 00:00:00
1313,1,Sales,Executive,77960,2021-06-16 00:00:00
1314,3,Finance,Executive,0,2021-02-01 00:00:00
1315,1,Sales,Manager,61288,2022-02-17 00:00:00
1316,4,Human Resources,manager,57133,2020-07-16 00:00:00
1317,5,Operations,Manager,63152,2022-08-05 00:00:00
1318,1,Sales,executive,86618,2021-02-13 00:00:00
1319,4,Human Resources,Manager,61048,2020-09-03 00:00:00
1320,5,Operations,manager,69018,2021-08-05 00:00:00
1321,4,Human Resources,Executive,83138,2021-08-23 00:00:00
1322,5,Operations,associate,42392,2020-02-17 00:00:00
1323,4,Human Resources,Manager,,2021-06-20 00:00:00
1324,4,Human Resources,associate,40151,2021-08-06 00:00:00
1325,5,Operations,Executive,81220,2021-07-30 00:00:00
1326,1,Sales,,41279,2022-01-18 00:00:00
1327,4,Human Resources,Associate,35525,
1328,5,Operations,manager,55483,2022-03-03 00:00:00
1329,1,Sales,associate,32435,2020-08-18 00:00:00
1330,5,Operations,associate,30115,2020-02-29 00:00:00
1331,5,Operations,associate,41910,2022-01-15 00:00:00
1332,3,Finance,associate,38299,2020-03-18 00:00:00
1333,5,Operations,,31896,2022-05-27 00:00:00
1334,3,Finance,associate,0,2021-07-31 00:00:00
1335,4,Human Resources,associate,37656,2021-12-23 00:00:00
1336,2,Marketing,,55674,2022-04-07 00:00:00
1337,1,Sales,,33906,2022-03-01 00:00:00
1338,4,Human Resources,associate,,2021-06-24 00:00:00
1339,4,Human Resources,Executive,82273,2020-06-22 00:00:00
1340,4,Human Resources,Manager,64746,2020-11-21 00:00:00
1341,4,Human Resources,Associate,,2021-12-11 00:00:00
1342,3,Finance,associate,44170,2021-06-13 00:00:00
1343,4,Human Resources,manager,0,2022-10-13 00:00:00
1344,5,Operations,Associate,42755,2021-09-26 00:00:00
1345,3,Finance,,46694,2020-07-09 00:00:00
